personId,tpp,ftp,fgp,ppg,rpg,apg,bpg,mpg,spg,assists,blocks,steals,turnovers,offReb,defReb,totReb,fgm,fga,tpm,tpa,ftm,fta,pFouls,points,gamesPlayed,gamesStarted,plusMinus,min,dd2,td3
1629121,33.8,77.8,34.5,3.2,1.8,1.9,0.2,12.6,0.4,65,5,14,28,11,49,60,38,110,25,74,7,9,45,108,34,1,-57,427,0,0
203500,10,55.8,58.9,9.8,7.6,1.2,1,26.8,0.9,610,529,468,749,1812,2177,3989,2136,3629,1,10,867,1555,1373,5140,525,461,1614,14092,111,0
1628389,11.4,71.1,55.8,10.5,7.7,2.9,0.9,25.5,0.8,618,191,181,372,448,1213,1661,862,1545,4,35,531,747,505,2259,216,112,197,5515,57,3
200746,31.2,81.1,49.1,19.5,8.3,2,1.1,34.4,0.7,1985,1111,733,1572,2684,5676,8360,7919,16118,182,584,3579,4414,2473,19599,1003,962,2799,34517,351,0
1629734,0,0,0,0,0,0,0,0,0,,,,,,,,,,,,,,,,,,,,,
1629638,34.2,60.7,33.9,5.1,2,1.8,0.2,12.2,0.3,74,7,11,40,8,72,80,77,227,40,117,17,28,46,211,41,0,-62,500,0,0
1628960,34.2,78.9,41.2,6.4,1.3,1,0.1,13.4,0.2,68,7,12,56,8,81,89,146,354,65,190,75,95,83,432,68,2,-180,914,0,0
1628386,16.9,69.2,60.7,9.9,7.7,1.1,1.4,24,0.5,244,293,108,257,530,1135,1665,836,1378,11,65,458,662,475,2141,216,169,-233,5184,54,0
202329,33.5,74.5,42.1,7.6,6.1,1.2,0.6,25.1,1,848,388,659,835,960,3210,4170,1910,4542,535,1597,893,1199,1273,5248,688,431,214,17264,55,0
203937,30.7,69.8,49.2,5.4,4,2,0.5,19.6,1,704,190,341,315,249,1179,1428,781,1587,74,241,300,430,499,1936,359,160,329,7023,9,1
203507,28.5,72.4,52.5,20,8.9,4.3,1.3,32.5,1.2,2250,684,618,1437,878,3749,4627,3811,7258,303,1065,2510,3467,1567,10435,522,457,1161,16983,213,18
1628961,0,50,0,0.4,0.4,0.2,0,3,0.4,1,0,2,1,0,2,2,0,3,0,0,2,4,0,2,5,0,1,15,0,0
203648,0,46.7,55,2.6,1,0.5,0.1,5,0.3,9,2,6,11,11,9,20,22,40,0,8,7,15,15,51,20,2,-30,99,0,0
2546,34.8,81.2,44.8,23.6,6.5,2.9,0.5,35.7,1,3244,550,1121,2919,1879,5372,7251,9426,21040,1434,4119,6028,7424,3204,26314,1114,1106,1614,39750,171,2
1628384,36.2,63.8,48,7.8,3.5,1,0.4,23.2,0.9,201,78,186,175,176,546,722,613,1277,222,614,134,210,425,1582,204,130,473,4730,5,0
1627853,37.3,82.9,43.3,5.2,2.2,2.5,0,19.6,0.6,400,7,105,113,48,306,354,294,679,144,386,121,146,285,853,163,36,-357,3195,0,0
2772,35.2,73.2,42.3,10.5,4.8,2.2,0.3,29.7,1.5,2297,331,1584,1441,1044,4086,5130,4003,9464,1535,4362,1674,2288,2130,11215,1064,731,938,31651,41,1
201571,37.9,86.5,41.2,9.9,1.9,4,0,24.1,0.6,3427,30,518,1290,257,1373,1630,2737,6641,1101,2903,1864,2156,1236,8439,856,313,-1086,20634,28,0
1629028,0,75.3,57.2,17.1,10.8,1.8,1.2,31.5,0.8,182,118,83,197,346,743,1089,764,1335,0,7,201,267,306,1729,101,95,-345,3178,59,0
1628407,34.5,71.8,40.3,5.3,2.3,1,0.1,16,0.4,137,9,51,78,27,286,313,279,693,68,197,89,124,170,715,135,30,-141,2159,0,0
1628963,28.8,70.3,49.7,14.8,7.6,1,1,25.3,0.5,72,71,39,116,191,377,568,434,873,34,118,206,293,163,1108,75,10,-191,1901,22,0
1628366,34.3,48.4,39.3,10.9,6.2,6.6,0.6,32.4,1.5,1023,92,237,411,186,773,959,647,1648,304,886,90,186,341,1688,155,142,-7,5019,29,6
1628964,33.3,62.4,47.4,5.8,5,0.8,1.4,15.3,0.3,81,149,35,85,162,370,532,249,525,58,174,68,109,217,624,107,1,-198,1633,3,0
200826,35.2,79.4,42.4,8.9,2.1,3.9,0,19.6,0.4,3257,24,330,1261,253,1490,1743,2821,6657,816,2321,929,1170,1166,7387,828,106,64,16227,25,1
203084,37.5,79.6,44.7,13.7,4.9,1.6,0.2,31.2,0.7,982,115,421,711,601,2350,2951,3051,6822,751,2003,1410,1771,1006,8263,604,543,420,18822,28,0
1629628,32,61.4,40.2,14.3,5,2.6,0.3,30.4,1,143,17,55,124,50,229,279,292,727,63,197,156,254,122,803,56,55,-330,1704,2,0
203115,34.7,78.6,43.4,11.1,4.2,2.5,0.4,24.4,0.8,1248,205,371,677,373,1716,2089,2035,4693,572,1649,850,1082,785,5492,496,161,-93,12110,23,0
1628966,30.1,69.1,42.6,5.9,2.8,0.7,0.5,16.9,0.5,47,35,35,28,37,158,195,149,350,44,146,67,97,67,409,69,3,-210,1168,0,0
201587,35.7,84.1,43.4,11.6,5.2,3.8,0.6,31.3,1,2967,500,747,1449,835,3302,4137,3245,7470,1247,3496,1381,1642,1398,9118,789,714,963,24731,70,9
203382,32.7,80,49.5,6,4.5,0.8,0.5,15.8,0.2,374,232,101,399,718,1405,2123,1109,2239,84,257,489,611,1045,2791,469,137,515,7389,18,0
203145,35,72.6,41.3,8.7,3.2,1.8,0.5,21.2,1,1004,266,560,796,195,1562,1757,1693,4098,584,1667,791,1090,1096,4761,547,278,-853,11584,2,0
1629647,30,68.1,38.3,4.5,3.7,0.5,0.7,17.2,0.4,29,35,20,40,21,175,196,88,230,30,100,32,47,45,238,53,8,-64,909,0,0
203078,38,80.7,45.2,21,4,4,0.4,34.6,1.1,2171,214,622,1241,450,1719,2169,4162,9204,1241,3268,1860,2306,1200,11425,545,511,380,18831,30,2
1627736,38.8,80,44.8,8.2,2,1,0.1,17.4,0.5,214,25,117,144,72,364,436,682,1522,307,791,140,175,239,1811,220,33,113,3835,1,0
201158,37.6,84.5,42.4,9.7,2.1,1.7,0.1,22.7,0.6,1424,65,486,847,184,1576,1760,2932,6916,1206,3207,1240,1468,1218,8310,855,219,-92,19442,3,0
1628395,22.2,63.8,56.3,3.8,3.1,1.3,0.8,12,0.4,194,117,58,114,145,327,472,250,444,4,18,74,116,191,578,154,16,52,1853,1,0
1627761,26.9,59.2,44.8,6.2,3.4,1.9,0.4,19.4,1,360,77,189,265,110,531,641,479,1070,77,286,138,233,333,1173,189,23,-605,3672,5,0
202722,41.1,84.9,44.1,8,2.8,1.1,0.4,18.6,0.4,312,122,118,170,98,662,760,733,1663,508,1235,225,265,440,2199,274,32,449,5108,1,0
201976,38,76.2,41.4,8.9,4.4,3.5,0.4,28.2,1.2,1491,191,505,558,500,1377,1877,1349,3260,688,1812,432,567,1344,3818,428,348,1409,12058,19,0
203920,0,66.8,54.8,4.3,4.2,0.8,0.5,15.1,0.4,107,71,49,64,219,331,550,215,392,0,2,141,211,201,571,132,25,-41,1998,4,0
1629048,16.7,72.7,47.3,3.1,2,0.4,0.6,8.3,0.1,21,32,6,25,22,74,96,61,129,6,36,24,33,57,152,49,2,-18,409,1,0
202687,0,57.5,52,5.1,6.2,0.5,1.3,20.2,0.2,338,852,159,577,1255,2713,3968,1232,2367,0,2,809,1408,1408,3273,636,271,-1874,12864,56,0
202357,39.3,77,46.5,8,4.8,1.7,0.4,21.8,0.7,573,146,224,332,391,1193,1584,1003,2159,408,1037,251,326,839,2665,333,153,-82,7244,24,0
202339,33.7,79.5,45.7,14.2,4,4.8,0.5,27.8,1.4,3026,300,900,1650,511,1977,2488,3170,6930,678,2013,1881,2365,1288,8899,626,464,998,17425,43,5
203992,37,80.3,43.2,13.3,3.2,3.5,0.2,28,1,694,45,198,331,88,549,637,982,2274,400,1081,310,386,429,2674,201,89,-456,5632,3,0
202711,39.4,85.8,46,14.2,3.5,1.5,0.1,28.5,0.6,689,37,255,723,225,1382,1607,2305,5008,872,2215,1088,1268,746,6570,462,345,-301,13171,1,0
1629626,0,0,0,0,0,0,0,0,0,,,,,,,,,,,,,,,,,,,,,
1629648,20,0,25,1.2,0.4,0.8,0,5.3,0.1,8,0,1,2,0,4,4,5,20,2,10,0,0,6,12,10,0,0,53,0,0
1629067,34.9,77.2,46.5,3.6,2.6,1,0.3,14.3,0.6,76,25,46,47,70,138,208,101,217,22,63,61,79,145,285,80,41,37,1145,0,0
1626164,35.5,86.8,44.7,22.3,3.6,4.7,0.2,33.5,0.8,1562,84,264,1103,165,1038,1203,2558,5725,654,1842,1669,1922,1023,7439,334,309,-1247,11186,29,0
1628449,29.2,80.5,45.4,5.3,3.6,0.3,0.9,10.6,0.3,25,77,26,30,110,189,299,153,337,40,137,95,118,135,441,84,0,69,888,5,0
1628968,0,0,22.2,0.8,1.4,0,0.2,5.6,0,0,1,0,1,1,6,7,2,9,0,2,0,0,2,4,5,1,13,28,0,0
1629065,30.8,82.9,41.7,7.4,2.7,2.9,0.2,22.6,1,131,10,44,70,24,97,121,134,321,33,107,34,41,102,335,45,12,-175,1015,0,0
202340,36.4,78,43.6,11.8,2.9,1.8,0.2,28.3,1,1012,116,581,802,358,1312,1670,2702,6195,744,2042,564,723,1254,6712,571,493,54,16143,12,0
1628396,50,65.9,62.6,4.2,3.9,0.3,0.4,9.7,0.2,19,27,14,26,103,139,242,114,182,1,2,29,44,105,258,62,2,2,600,1,0
1629714,0,0,0,0,1,0.2,0.4,2.6,0,1,2,0,2,0,5,5,0,0,0,0,0,0,2,0,5,0,0,13,0,0
1629649,11.1,80,27.3,1.9,0.6,0.4,0.1,5.9,0,4,1,0,2,2,3,5,6,22,1,9,4,5,3,17,9,0,-11,53,0,0
201147,28.4,71.3,42.5,8.7,2.8,1.5,0.3,23,1.2,1248,222,1019,948,611,1668,2279,2682,6310,503,1773,1225,1717,1761,7092,814,310,-562,18739,4,0
1628969,34.1,82.5,46.6,8.5,3.6,2,0.5,28.5,1.5,288,77,222,135,115,408,523,452,970,161,472,184,223,343,1249,147,80,-343,4189,1,0
1628970,32.8,78.8,44,9.9,4.7,1.4,0.7,25.5,0.7,209,97,95,145,155,530,685,556,1264,164,500,164,208,243,1440,145,89,-524,3691,5,0
1629052,20,80,36.1,1.9,1.4,0.4,0,7.1,0.2,7,1,4,7,9,17,26,13,36,3,15,8,10,18,37,19,0,34,135,0,0
1629151,40.3,81.5,42.7,4,1.8,0.6,0.1,10.7,0.2,33,8,11,22,13,93,106,79,185,58,144,22,27,50,238,59,1,78,633,0,0
1627763,38.5,89.5,47.2,13.5,3.8,4.3,0.2,28.6,0.9,1017,46,204,385,175,708,883,1201,2545,305,793,470,525,458,3177,235,160,557,6721,12,1
1628415,36.4,77.5,41.8,12.4,3,1.7,0.3,27.5,0.8,279,46,140,251,119,382,501,761,1819,241,662,290,374,529,2053,165,139,-296,4531,0,0
1628971,30.2,74.3,42.4,6.3,3.5,2.4,0.5,23.4,0.8,321,65,103,146,109,350,459,323,761,57,189,133,179,340,836,132,99,-144,3083,4,0
1627759,37,68,47,12.9,4.4,1.4,0.3,26.1,0.8,387,92,230,407,230,967,1197,1311,2789,369,997,527,775,660,3518,272,165,476,7108,10,0
1629650,0,37.5,40,1.2,1.6,0.1,0.1,3.6,0.1,1,1,1,3,3,11,14,4,10,0,0,3,8,7,11,9,0,-33,32,0,0
1628425,34.4,76.2,41.8,5.2,3.1,1,0.2,15.8,0.5,155,28,78,107,84,408,492,307,735,121,352,77,101,213,812,157,12,44,2476,1,0
1629718,33.3,100,31.6,2,0.4,0.2,0.2,4,0.2,2,2,2,3,2,2,4,6,19,3,9,5,5,3,20,10,0,28,40,0,0
1628972,33.6,73.3,44.1,7.5,4.2,2,0.1,19.9,0.9,222,11,97,95,99,371,470,326,740,72,214,118,161,166,842,113,24,-168,2248,4,0
1628973,35.2,75.9,46.7,8.8,2.3,3.2,0.1,20.1,0.4,418,8,59,154,47,256,303,445,953,106,301,148,195,201,1144,130,54,88,2613,5,0
1628418,34.4,75.5,60.4,9.9,5.8,1.4,0.8,19.8,0.3,169,102,40,110,191,540,731,501,830,56,163,182,241,217,1240,125,81,-251,2469,22,0
203493,38.5,82.6,43,6.9,2.1,1.1,0.1,19.7,0.5,342,38,159,170,101,530,631,766,1781,397,1030,161,195,331,2090,301,138,-126,5923,0,0
203504,34.3,79.8,41,10.5,2,3.5,0.1,22.9,0.6,1354,44,217,487,149,627,776,1577,3850,464,1354,453,568,526,4071,386,128,-540,8856,15,0
202692,35.8,79.2,42,10.2,3.2,1.8,0.2,21.9,0.6,900,92,318,622,297,1269,1566,1698,4047,389,1086,1195,1509,859,4980,488,85,-942,10663,4,0
1629126,24.7,58.3,38.5,2.7,1.2,0.3,0.3,7.9,0.2,20,18,11,23,10,66,76,72,187,18,73,14,24,59,176,66,0,-50,523,0,0
202710,33.3,83.5,45.4,17,5.1,3.7,0.5,33.1,1.6,2136,275,914,883,866,2070,2936,3190,7030,504,1512,2939,3521,830,9823,577,472,1505,19079,54,7
203998,31.4,83.6,39.7,4.2,2.6,0.7,0.6,12.8,0.3,71,56,33,61,78,169,247,148,373,60,191,51,61,123,407,96,20,-38,1232,4,0
1629719,0,0,0,0,0,0,0,0,0,,,,,,,,,,,,,,,,,,,,,
203484,35,79.7,41.8,11.6,3.2,1.6,0.2,29.2,1.1,872,101,599,530,354,1344,1698,2230,5340,876,2506,860,1079,990,6196,533,391,41,15583,6,0
1628427,16.7,100,40,1.2,0.7,0.2,0.1,3.2,0.1,3,1,1,3,5,5,10,6,15,1,6,4,4,7,17,14,0,-8,45,0,0
203991,0,52.6,63.4,12.2,9.7,1,1.5,26,0.7,324,491,229,412,1089,2154,3243,1766,2785,0,2,543,1033,838,4075,334,274,997,8673,139,0
201960,35.8,74,43,8.9,4.3,1.3,0.3,23.7,0.9,719,150,520,497,654,1792,2446,1802,4192,657,1833,875,1182,1123,5136,575,339,548,13615,24,0
1628975,36.5,82.5,35.4,4.5,1.8,1.5,0.3,14.9,0.7,134,24,64,64,39,125,164,138,390,80,219,47,57,131,403,89,5,-173,1330,0,0
1713,37.1,79.8,43.5,16.7,4.3,3.1,0.6,30.1,1,4714,888,1530,2590,1658,4948,6606,9293,21339,2290,6168,4852,6082,3995,25728,1541,982,1816,46371,90,5
1628976,19.7,76.1,50.8,10.8,8.2,1.5,1.1,27.2,0.7,129,94,59,137,226,486,712,363,714,12,61,201,264,314,939,87,87,-320,2365,24,0
203487,25.6,71.1,40.3,10.4,4.4,4.4,0.6,25.3,1.3,1565,195,468,839,337,1230,1567,1381,3428,165,645,801,1126,869,3728,357,192,-807,9039,33,5
1627936,37.5,76.5,43.2,5.7,2,2.1,0.3,17.7,0.9,254,36,107,130,49,195,244,237,549,75,200,130,170,191,679,120,12,268,2125,3,0
1626161,21.1,61.1,53.9,9.6,6.3,1.6,0.8,23.5,0.9,553,289,322,348,615,1579,2194,1421,2636,4,19,515,843,826,3361,349,237,-685,8186,48,0
2199,0,64.4,59.7,8.2,9,0.8,1.2,27.3,0.5,967,1335,630,1656,3529,6938,10467,3558,5964,0,11,2393,3714,3268,9509,1160,886,325,31617,292,0
201163,34.1,77,44.3,12.5,5.3,1.8,0.6,30,0.7,1205,414,470,931,766,2808,3574,3270,7382,874,2560,1049,1363,1807,8463,676,483,-491,20285,38,0
1629597,0,0,40,1.3,2,0.7,0.3,10,0,2,1,0,3,1,5,6,2,5,0,1,0,0,5,4,3,0,-30,30,0,0
1629185,43.5,100,39.1,3.2,1.4,1.9,0.1,10,0.6,52,3,16,18,7,32,39,34,87,20,46,2,2,25,90,28,0,51,280,0,0
1627737,29,66.9,45.6,8,4.9,1.1,0.8,19.4,0.7,279,213,174,329,326,924,1250,763,1674,152,525,361,540,671,2039,256,147,-1076,4965,18,0
1629109,30.8,93.8,34.9,3,2.3,0.4,0.5,12.4,0.3,33,40,25,12,51,150,201,88,252,69,224,15,16,78,260,86,3,19,1065,0,0
1629634,40.4,78.5,62.3,12,5.8,1.4,0.8,21.7,0.5,72,42,26,46,78,214,292,254,408,21,52,73,93,82,602,50,3,8,1086,3,0
203903,34.1,81.8,44.7,14.8,3.2,2.6,0.1,27.1,0.9,1152,61,385,739,384,1020,1404,2528,5652,652,1913,865,1057,738,6573,445,138,-1669,12053,5,0
1629651,14.3,52.4,56.3,4.4,2.9,1.1,0.5,12.4,0.1,16,8,1,9,19,25,44,27,48,1,7,11,21,14,66,15,0,-67,186,0,0
1629598,35.1,85.7,40.5,4.9,0.8,0.8,0.2,8.7,0.2,22,5,6,17,3,20,23,51,126,33,94,6,7,20,141,29,0,-43,251,0,0
1628499,60,62.5,37,1.2,0.7,0.1,0.3,6.3,0.4,2,6,8,8,3,14,17,10,27,3,5,5,8,25,28,23,0,-56,144,0,0
1629599,14.3,33.3,39.4,2.2,1.1,0.7,0.1,7.5,0.1,9,1,1,3,4,10,14,13,33,1,7,1,3,12,28,13,0,-8,97,0,0
1628381,36.9,75.7,57.1,16.2,8.8,1.6,1,28.3,0.6,279,185,100,300,511,1041,1552,1132,1981,130,352,456,602,552,2850,176,126,-454,4976,65,0
1628380,32.4,73,44.2,5.7,3.8,0.9,0.7,17,0.3,129,99,42,141,158,399,557,313,708,78,241,127,174,318,831,146,4,26,2487,0,0
201144,37.5,81.8,43.9,14.8,3,5.7,0.2,32.4,1.4,4687,166,1192,1662,367,2093,2460,4379,9970,1166,3107,2376,2905,1640,12300,829,793,1194,26870,63,0
1626192,34.3,78.4,44.3,4.7,2.8,1.2,0.3,15.6,0.3,346,79,84,150,174,588,762,497,1122,206,601,105,134,290,1305,277,9,312,4327,1,0
1626188,41.2,76.9,46.8,6.8,1.8,1.7,0,15.1,0.3,271,5,47,120,40,246,286,435,930,163,396,50,65,187,1083,159,28,-130,2395,0,0
1629076,0,83.3,70,1.7,0.9,0.1,0,3.1,0.1,1,0,1,1,4,6,10,7,10,0,0,5,6,4,19,11,0,-14,34,0,0
203496,35.8,81.1,40.7,12.8,5.7,1.5,0.9,29.9,1.6,580,339,637,669,361,1838,2199,1652,4060,914,2550,731,901,1187,4949,388,340,13,11612,34,0
1628470,32.1,66.9,45,5.1,3.3,0.8,0.6,18.3,0.4,131,93,67,86,177,369,546,318,707,114,355,91,136,350,841,164,61,-133,3000,4,0
203109,33.6,77.9,41.9,9.5,4.1,1.5,0.3,24.7,1,921,194,588,523,438,2036,2474,1979,4722,849,2526,932,1197,1207,5739,601,290,965,14847,21,0
1629633,29.9,46.2,40.4,9.2,3.4,1.7,0.6,23.9,0.9,110,38,57,81,70,142,212,230,569,66,221,54,117,125,580,63,35,-104,1505,0,0
203552,44.3,84.4,47.6,10.1,2,1.8,0.1,22.3,0.7,442,30,175,249,87,414,501,919,1930,437,986,248,294,367,2523,251,73,245,5588,2,0
201939,43.5,90.6,47.6,23.5,4.5,6.6,0.2,34.3,1.7,4621,156,1205,2179,490,2668,3158,5682,11931,2495,5739,2560,2827,1732,16419,699,693,4680,23998,119,7
203584,39.6,79.9,40.1,6.6,1.3,0.5,0.1,14.9,0.3,182,21,97,184,74,366,440,757,1887,549,1385,143,179,422,2206,334,20,-531,4970,0,0
203076,31.9,80.1,51.7,24,10.4,2.2,2.4,34.5,1.4,1154,1255,721,1004,1332,4090,5422,4661,9024,246,770,2958,3691,1244,12526,521,516,560,17996,297,1
202334,0,58.3,56.8,6.3,6.7,0.8,0.8,19.9,0.5,507,544,332,520,1524,2903,4427,1735,3056,0,4,727,1248,1654,4197,665,95,-823,13220,61,0
1629056,39.6,86.5,46.3,7.7,3.4,1.7,0.2,17,0.5,107,12,32,65,46,171,217,181,391,88,222,45,52,104,495,64,2,224,1086,1,0
203473,33.3,73.2,51.6,6.4,6,0.7,0.9,18.3,0.6,273,342,216,388,617,1747,2364,1000,1939,155,466,366,500,1005,2521,394,194,-285,7195,38,0
203521,36.8,83.8,38.9,5.6,1.8,3.7,0,20.4,0.5,1591,20,202,546,161,613,774,863,2217,396,1075,305,364,824,2427,434,92,266,8850,7,0
201942,28.3,82.9,45.7,20,4.4,3.6,0.3,34.2,1,2893,235,803,1669,607,2938,3545,5850,12801,340,1203,4243,5119,1840,16283,813,801,90,27765,33,1
1627767,33.3,77,59.8,5.3,4.2,0.4,0.4,12.1,0.3,78,73,54,114,173,570,743,395,660,2,6,147,191,266,939,177,3,-300,2142,17,0
1628977,18.6,61.5,45.3,4.8,2.5,0.4,0.2,13.8,0.6,39,18,49,60,67,152,219,174,384,11,59,64,104,159,423,89,6,-59,1225,2,0
203476,34.3,78.5,50,7.9,6.2,1.4,1,22.1,0.8,700,503,424,598,945,2203,3148,1545,3087,113,329,819,1043,1162,4022,510,204,-815,11260,68,0
203915,31.8,79.3,41,12.9,2.8,5,0.3,25.7,0.7,1578,90,214,560,133,742,875,1318,3212,439,1379,1028,1296,745,4103,317,130,-387,8162,19,0
1628978,32.2,76.7,45,8,4.1,1.9,0.3,20.6,1.1,167,24,93,91,75,279,354,259,576,98,304,69,90,135,685,86,22,517,1773,1,0
1629029,32.2,73.3,44.3,24.4,8.5,7.1,0.3,32.7,1.1,899,35,136,474,155,910,1065,1018,2297,324,1005,715,976,271,3075,126,126,146,4116,58,22
1629652,30.1,77.8,41.4,6.2,1.9,0.7,0.1,22,0.8,21,2,23,15,15,39,54,65,157,22,73,28,36,78,180,29,21,50,637,0,0
1628422,36.1,72.1,41.9,7.8,2.6,1.4,0.1,20.1,0.6,223,16,93,109,53,384,437,482,1149,207,573,111,154,213,1282,165,42,-459,3313,3,0
1629635,28.6,67.4,39,6.4,3.1,0.5,0.2,19.8,0.5,19,8,20,35,20,98,118,92,236,28,98,31,46,80,243,38,19,-175,753,2,0
1628408,25,61.5,39.5,3.7,1.7,1.2,0.2,9.9,0.3,34,5,9,12,11,37,48,45,114,9,36,8,13,30,107,29,0,12,287,1,0
201609,36.4,76.3,46.4,13.9,3.1,4.8,0.2,28,1,3921,149,802,1838,586,1894,2480,4138,8927,985,2704,2028,2658,1877,11289,812,509,441,22767,65,2
203083,14.6,46.1,54.2,14.5,13.8,1.3,1.6,31,1.4,778,938,835,1172,2858,5430,8288,3661,6760,15,103,1334,2894,1907,8671,599,548,-559,18588,407,0
201162,39.4,73.2,46.4,7.5,3.2,1.6,0.2,22.5,0.8,1381,166,706,759,800,2019,2819,2402,5178,879,2233,934,1276,1624,6617,887,286,489,19982,12,0
1627739,30.6,72.6,42.2,8.3,3.3,4.2,0.4,24.3,1.6,948,101,351,411,90,670,760,771,1827,127,415,215,296,676,1884,227,126,-657,5515,7,0
201142,38.1,88.3,49.3,27,7.1,4.1,1.1,36.9,1.1,3486,941,948,2653,617,5375,5992,7814,15859,1570,4122,5742,6506,1618,22940,849,849,3673,31304,205,12
1629035,30.9,84.6,32.7,3,1.2,0.6,0.1,9,0.3,22,3,10,15,6,37,43,37,113,21,68,11,13,33,106,35,0,-47,315,0,0
201961,37.8,84.6,40.8,8,2.2,1.1,0.1,21,0.5,755,52,371,456,216,1265,1481,1986,4866,1016,2689,473,559,783,5461,681,166,-691,14278,1,0
203954,32.2,79.4,47.9,24.1,11.5,3.1,1.8,30.6,0.8,636,367,151,712,486,1838,2324,1622,3385,237,736,1383,1742,683,4864,202,202,1058,6181,139,2
203516,35.4,79.5,45.3,6.4,3.2,0.9,0.3,20,0.6,299,102,204,250,335,747,1082,749,1653,261,738,408,513,675,2167,339,95,-201,6767,3,0
1629234,100,79.2,66.7,2.5,1.9,0.3,0.3,6.6,0.1,12,11,4,18,14,55,69,36,54,1,1,19,24,32,92,37,3,-64,243,0,0
1628980,31.5,83.3,33.7,2.8,1.1,0.9,0.2,10.5,0.3,54,15,16,36,15,51,66,63,187,17,54,25,30,69,168,59,2,-134,621,0,0
203957,30.8,76.6,40.7,5.7,1.8,2.1,0.2,18.5,0.4,502,42,97,301,89,335,424,499,1226,165,536,203,265,420,1366,239,69,64,4429,1,0
1629605,0,33.3,75,3.2,1.8,0,0.3,4,0,0,2,0,3,0,11,11,9,12,0,0,1,3,5,19,6,0,7,24,0,0
202324,20.7,66.2,53,11.4,7.4,1.1,1.3,25.6,0.8,776,857,523,946,1721,3271,4992,3151,5948,36,174,1397,2111,1763,7735,677,479,98,17356,145,0
1626245,0,67.9,57.2,4.5,4.1,0.7,0.2,14.8,0.3,174,50,68,151,371,595,966,424,741,0,12,207,305,348,1055,234,20,-500,3470,6,0
1628390,34,76.3,41.2,4.9,1.4,0.7,0.2,20.9,0.5,136,42,90,88,75,186,261,329,799,192,565,61,80,458,911,185,123,-58,3864,0,0
1628981,13.5,56.9,51.8,4.3,3.5,0.9,0.3,12.7,0.3,49,17,18,42,67,131,198,103,199,5,37,29,51,107,240,56,13,-93,712,1,0
1627812,36.5,83.8,42,7.8,2.1,2.3,0.1,20.7,0.6,569,26,156,213,65,452,517,691,1645,275,753,248,296,338,1905,243,53,-196,5029,3,0
1627827,32.7,72.5,42.5,6.8,4.2,1.2,0.4,24.2,0.7,285,102,175,203,340,698,1038,612,1439,254,777,200,276,508,1678,247,135,36,5973,7,0
1627854,40,80.1,43.1,8.9,1.9,1.5,0,21.7,0.4,386,6,107,185,44,454,498,848,1968,430,1075,197,246,400,2323,261,155,-153,5673,1,0
203095,37.6,80.7,44.9,14.1,2.7,2.6,0.1,28.4,0.9,1345,58,443,857,223,1196,1419,2637,5870,925,2457,1107,1372,1264,7306,518,376,-609,14714,2,0
1628368,33.5,71.8,44.8,15.9,3.5,6.1,0.4,30.1,1.3,1214,88,267,541,106,583,689,1162,2591,180,538,659,918,496,3163,199,185,-425,5997,27,1
1626187,25,66.7,36.4,1.8,0.4,0.1,0,8.1,0.2,1,0,2,2,1,2,3,4,11,2,8,4,6,13,14,8,0,-27,65,0,0
1628982,30.8,37.5,34.2,1.3,0.4,0.1,0.1,3.8,0.2,2,2,5,4,4,5,9,13,38,4,13,3,8,14,33,25,0,-8,95,0,0
1628365,25.6,66.8,45.6,10.6,3.4,4.6,0.2,25.7,1.2,446,19,112,173,72,254,326,430,942,34,133,133,199,200,1027,97,74,-37,2492,4,2
1629117,30,70,43.5,2.1,1.6,0.3,0.2,7.5,0.4,8,6,10,16,18,28,46,20,46,6,20,14,20,35,60,28,1,-44,210,0,0
1629655,0,53.3,70.1,5.1,2.5,0.5,1.3,14.2,0.3,21,56,13,29,52,54,106,94,134,0,0,32,60,98,220,43,7,-30,609,0,0
201568,38.1,87.2,42.7,16.2,4.9,2,0.4,31,0.8,1231,239,477,798,447,2524,2971,2960,6936,1198,3148,2659,3049,1098,9777,604,534,921,18741,28,0
204038,36.7,81,39.6,8.5,2.6,1.7,0.2,23,0.7,694,64,295,250,202,844,1046,1232,3113,601,1637,387,478,672,3452,405,62,-466,9296,1,0
1629636,35.5,87.5,40.1,12.3,1.9,3.9,0.1,30.9,0.7,229,4,42,151,27,84,111,280,699,105,296,63,72,92,728,59,59,-294,1823,1,0
201188,35.6,77.7,48.2,14.7,7.6,3.4,1.4,33.2,0.9,2864,1191,760,1686,1371,4971,6342,4527,9401,375,1054,2767,3562,2413,12196,831,816,1015,27556,198,5
200752,34.5,79.8,45.6,17.1,5.9,2.2,0.8,33.2,1.2,2066,716,1133,2086,1312,4223,5535,6096,13383,961,2783,2909,3645,2232,16062,939,777,-558,31175,85,0
202331,38,84.6,43.3,19.9,6.4,3.3,0.4,33.5,1.7,2162,287,1127,1671,585,3547,4132,4349,10046,1566,4124,2599,3072,1738,12863,646,598,2265,21645,96,3
201959,22,70.9,51.5,9.5,6.3,1,1,25.2,0.6,812,838,450,940,1851,3147,4998,3166,6147,26,118,1260,1776,2020,7618,799,440,517,20095,105,0
1628385,0,67.9,52.4,7,4,1.4,0.4,14.6,0.5,134,36,52,108,99,282,381,291,555,0,6,91,134,250,673,96,17,-206,1399,1,0
1628983,35.7,80.1,47.4,14.5,4.2,3.3,0.6,30.3,1.1,478,90,166,258,102,514,616,783,1651,129,361,410,512,283,2105,145,136,38,4387,10,1
203497,0,62.9,64,11.7,11,1.4,2.2,29.5,0.7,638,1019,323,761,1523,3602,5125,2010,3142,0,3,1438,2285,1221,5458,468,376,1560,13803,245,0
1629164,30.1,90.2,38.5,4.6,1.5,1.3,0.1,9.7,0.2,65,4,12,32,12,63,75,82,213,28,93,37,41,50,229,50,1,-115,487,0,0
203932,31.8,70.1,44.7,12.7,6.4,2.4,0.6,28.6,0.8,951,254,311,556,635,1918,2553,1919,4289,436,1372,808,1152,807,5082,399,310,-481,11413,75,1
201569,37,81.1,42.5,16.6,2.5,2.9,0.3,32.8,0.9,1894,226,598,1306,274,1360,1634,3733,8783,1549,4186,1976,2436,1312,10991,663,509,291,21756,2,0
1628984,35.7,81,37.5,12.5,2.5,5.4,0.2,26.5,0.8,592,17,85,211,52,223,275,442,1179,252,706,226,279,163,1362,109,56,-284,2887,17,0
1626203,33.3,69.1,38.3,4.2,2.2,0.8,0.1,16,0.4,144,16,76,76,121,279,400,266,694,120,360,105,152,297,757,180,44,-255,2883,0,0
203924,34.8,66.6,46.3,9.2,3.9,1.1,1.1,24.4,0.6,475,503,263,415,421,1306,1727,1443,3116,362,1041,863,1295,1018,4111,447,167,-624,10909,9,0
1626170,32.4,77.1,41.2,6.1,1.9,2.9,0.1,18,0.8,796,32,204,271,90,433,523,583,1415,172,531,327,424,400,1665,273,61,-516,4918,6,0
1627982,23.1,63.6,27.9,4.9,1.7,2,0.3,15.6,1.1,14,2,8,12,3,9,12,12,43,3,13,7,11,9,34,7,0,-76,109,0,0
201980,40.2,81,42.4,8.9,3.5,1.6,0.8,25.4,1,1083,535,685,694,404,1971,2375,2155,5083,1276,3177,491,606,1200,6077,681,605,3122,17296,4,0
203110,31.9,71,43.5,9,6.9,5,1.1,28.1,1.4,2855,609,789,1187,648,3318,3966,1875,4307,521,1632,899,1267,1592,5170,576,428,3388,16199,111,24
203210,36.7,76.7,47,8.1,6.2,0.9,0.4,21.9,0.6,327,151,200,399,651,1532,2183,1085,2308,258,703,437,570,954,2865,354,151,-419,7753,46,0
1629750,26.1,63.9,50,2.9,1.8,0.5,0.2,9.4,0.5,23,7,23,18,18,62,80,49,98,6,23,23,36,37,127,44,1,-5,414,0,0
201145,33.4,80.5,44.1,13,4.4,1.6,0.5,29.5,0.7,1403,481,650,1350,832,3156,3988,4234,9599,919,2750,2270,2821,1974,11657,900,544,-1661,26574,41,0
201933,33.3,69.4,49.8,21.7,8.8,4.4,0.5,34.8,0.9,2749,321,553,1617,1345,4156,5501,5049,10134,407,1223,2974,4283,1777,13479,622,622,2415,21671,264,10
1629741,30.9,92,39.6,4,1.7,1.1,0.2,11.3,0.3,45,8,12,36,14,57,71,61,154,25,81,23,25,34,170,42,0,-35,476,0,0
1629657,0,0,50,1,0,0,0,1.5,0,0,0,0,0,0,0,0,1,2,0,1,0,0,0,2,2,0,-3,3,0,0
1629060,27.4,82.9,47.8,13.4,6,1.7,0.2,29.7,0.8,70,7,34,41,63,185,248,218,456,20,73,92,111,89,548,41,41,-200,1217,3,0
1628985,0,75,20,1,0.2,0.6,0,3.8,0,3,0,0,1,0,1,1,1,5,0,2,3,4,1,5,5,0,20,19,0,0
203501,35.4,81.4,42.1,13.4,2.6,1.9,0.1,26.5,0.6,864,66,295,516,161,1070,1231,2198,5222,925,2614,944,1160,783,6265,466,229,-389,12330,4,0
201935,36.3,85.8,44.2,25.1,5.3,6.3,0.5,34.3,1.6,5193,436,1295,3043,646,3742,4388,6102,13797,2296,6320,6223,7255,2183,20723,826,613,3372,28346,215,46
203090,32.5,61.2,47.8,7.2,3.7,0.9,0.7,23.1,1,505,355,524,468,633,1364,1997,1534,3208,324,997,456,745,1102,3848,537,325,-517,12383,10,0
1629607,0,0,25,0.7,0,0,0,2.3,0,0,0,0,0,0,0,0,1,4,0,2,0,0,0,2,3,0,-11,7,0,0
1626149,10,63.8,61.4,12.7,4.9,1.3,0.9,20.9,0.6,424,287,177,369,556,1014,1570,1648,2683,5,50,736,1154,718,4037,318,25,509,6642,32,0
203914,36,80.3,45.4,12.1,2.6,2.1,0.2,29,1.2,779,81,460,459,227,734,961,1673,3683,541,1501,572,712,654,4459,368,306,215,10663,0,0
203925,42.3,78.6,47.4,10.3,3.1,1.6,0.2,24.2,0.5,521,63,148,388,186,828,1014,1214,2560,602,1422,302,384,657,3332,325,165,-500,7860,2,0
202699,36.4,82,47.1,15.9,6,2,0.5,30.8,0.7,1234,297,451,847,604,3086,3690,3681,7819,804,2210,1528,1863,1224,9694,611,491,-634,18835,71,0
1627885,29.3,70.6,44.8,6,2.7,1.7,0.4,16.5,1.1,243,56,149,101,64,305,369,320,715,46,157,149,211,221,835,139,23,-206,2298,3,0
1628404,35.3,71.3,42.8,8.6,4.7,1.4,0.4,25.3,0.9,267,77,170,170,131,750,881,565,1320,281,796,189,265,398,1600,187,59,-153,4738,21,0
2617,7,75.5,48.9,7.6,6.7,0.9,0.3,25.1,0.5,729,249,422,803,1606,4140,5746,2640,5395,4,57,1232,1631,2040,6516,857,499,494,21540,134,0
1629637,25,63,66,7.5,4,0.9,1,17,0.4,51,53,23,41,82,141,223,155,235,1,4,109,173,142,420,56,12,-52,950,3,0
202330,36.6,82.2,45.1,15.3,4.4,3.5,0.4,30.8,1,2191,258,624,1243,473,2293,2766,3323,7373,840,2294,2196,2670,1109,9682,634,472,610,19532,28,0
203089,25,56.8,54,7.6,5.3,1.1,1.4,19.7,0.5,496,642,211,496,802,1566,2368,1438,2661,20,80,487,857,998,3383,445,160,-591,8752,33,0
1629608,0,100,20,1,1.8,0,0,2.8,0.2,0,0,1,1,2,5,7,1,5,0,1,2,2,6,4,4,0,1,11,0,0
1627823,35.9,72.2,42.8,5.3,3.4,0.7,0.2,16.1,0.4,136,48,82,109,168,535,703,368,860,170,473,177,245,245,1083,205,51,-80,3310,9,0
1626195,33,68.7,53.1,6.9,5.4,1,0.4,14.4,0.4,218,79,85,223,391,739,1130,564,1063,29,88,287,418,344,1444,209,26,-172,3005,21,0
1629639,39.1,83.5,41.4,12.9,4,1.9,0.2,27.2,0.6,91,7,30,72,14,173,187,220,532,99,253,66,79,59,605,47,6,-19,1279,0,0
1628987,0,0,9.1,0.3,0.3,0.1,0,2.7,0,1,0,0,0,0,2,2,1,11,0,8,0,0,1,2,7,0,-6,19,0,0
1626209,32.1,81.3,41.8,7,3.1,1.3,0.2,18.5,0.7,407,80,235,366,143,861,1004,843,2018,263,819,304,374,534,2253,324,69,-900,6003,4,1
1627741,41.1,86.9,44.2,15.9,4.2,2.2,0.3,27.8,0.8,678,81,241,521,253,1041,1294,1822,4122,846,2056,418,481,615,4908,308,194,-420,8572,5,0
201588,38.5,80.3,45.7,11.1,3.1,3.2,0.3,27.7,0.9,2475,215,710,977,459,1948,2407,3070,6715,952,2475,1570,1956,1594,8662,778,447,2140,21574,7,1
203524,33.8,80,39.6,5.8,3.2,1.6,0.2,22,0.7,569,86,246,330,239,912,1151,723,1827,288,853,360,450,626,2094,359,172,-329,7905,2,0
1629658,0,61.5,46.9,2.9,2.5,0.3,0,7.9,0.4,4,0,5,4,14,18,32,15,32,0,3,8,13,12,38,13,0,10,103,0,0
1628988,37.3,84.4,40.5,7.8,1.8,2.6,0.2,18.6,0.6,280,26,66,115,26,173,199,307,758,123,330,103,122,173,840,108,26,191,2014,2,0
201950,35.5,77.7,45.2,15.9,3.9,6.4,0.5,33.2,1.5,4529,360,1056,1939,610,2157,2767,4430,9791,920,2592,1444,1859,1620,11224,707,634,881,23506,109,4
203200,36.2,82.6,39.7,8.2,2.9,1.4,0.4,23,1,607,177,416,380,158,1064,1222,1208,3040,617,1705,412,499,648,3445,422,164,-707,9699,5,0
1626178,21.4,73.8,44.8,9.4,5.7,1.9,0.6,22.8,1,550,157,274,380,421,1208,1629,979,2186,43,201,689,933,595,2690,286,152,-443,6529,28,0
1626158,25.7,72.4,58.4,8.4,5,0.9,1,18.7,0.6,251,258,162,213,446,867,1313,911,1561,39,152,368,508,671,2229,265,57,-468,4949,24,0
203918,37.2,83.9,42.6,12.5,2.9,1.9,0.2,27.3,0.8,645,67,262,379,120,860,980,1536,3606,583,1566,592,706,750,4247,341,248,-31,9325,0,0
201143,36.1,75.4,52,14,8.3,3.3,1.2,32.7,0.8,2792,1002,688,1329,1787,5223,7010,4967,9557,454,1256,1426,1891,1929,11814,846,839,2137,27633,244,2
1629659,0,0,0,0,0,1,0,2.5,0.5,2,0,1,0,0,0,0,0,1,0,1,0,0,0,0,2,0,-7,5,0,0
1627863,36.9,79.7,44,9.2,3.8,1.2,0.4,25.8,0.8,143,49,92,95,94,369,463,380,863,202,547,149,187,222,1111,121,63,300,3120,2,0
2730,13.2,56.5,58.6,16.8,12.3,1.4,1.9,33.6,0.9,1577,2127,1013,3132,3827,9814,13641,6725,11474,9,68,5123,9065,3575,18582,1106,1045,3071,37176,730,1
1629739,0,0,0,0,1,0.5,0,6.5,0,1,0,0,1,0,2,2,0,4,0,4,0,0,1,0,2,0,-16,13,0,0
1628989,38.3,78.3,41.6,10.8,3.6,3.3,0.4,29.1,0.9,427,52,116,196,95,378,473,527,1267,263,687,94,120,294,1411,131,107,-361,3808,3,0
1629631,35.5,76.4,41,12.3,4.5,1.8,0.3,32,0.7,112,18,44,103,44,242,286,280,683,108,304,110,144,182,778,63,62,-264,2017,3,0
1628990,29.5,59.5,45.8,6.2,4.1,0.8,0.2,19.7,0.7,60,13,50,52,49,244,293,176,384,26,88,69,116,106,447,72,24,-257,1421,1,0
201586,36.1,76,51.4,12.6,7.4,0.8,2.1,28.6,0.4,618,1668,347,1080,1734,4172,5906,4195,8154,528,1461,1181,1554,2264,10099,803,646,2489,23002,158,1
2738,33.4,70.9,46.6,12,5.1,4.3,0.5,33.2,1.5,4849,568,1671,2127,1049,4635,5684,4867,10449,998,2990,2785,3926,2038,13517,1122,779,2965,37292,81,9
101141,36.6,77.6,44.4,10.3,5.8,1.1,0.4,23.4,0.7,902,287,549,782,1388,3218,4606,3093,6970,861,2355,1220,1573,1957,8267,801,423,19,18720,99,0
204060,40.7,74.8,44.6,8.2,3.2,3.6,0.2,25.4,1,1695,71,468,746,146,1371,1517,1387,3110,792,1948,311,416,878,3877,470,260,1061,11948,13,0
1627742,35.7,72,46,16.2,5.1,3.2,0.6,32.2,0.7,791,147,179,568,207,1040,1247,1465,3182,264,740,803,1115,632,3997,246,207,-571,7932,17,0
202681,39,87.7,46.6,22.4,3.7,5.7,0.4,33.8,1.3,3013,187,699,1394,407,1548,1955,4346,9332,1119,2870,2031,2316,1171,11842,528,528,980,17826,52,3
1628371,32.8,79.4,43.2,9.3,5.5,1.1,1.5,26,1.1,142,206,142,149,172,560,732,466,1078,132,403,185,233,270,1249,134,106,-86,3480,8,0
1628411,30.7,79.6,41.3,4.6,2.5,1,0.3,17.5,0.5,176,45,86,92,96,338,434,283,686,59,192,180,226,266,805,175,43,-43,3063,0,0
1628402,31.8,74.5,41.6,7,1.8,1,0,16.3,0.4,110,6,40,91,44,161,205,293,704,92,289,102,137,159,780,112,17,-220,1825,0,0
1628367,29.8,65.1,41.7,12.1,4.3,1.9,0.6,24.7,1,333,100,172,344,172,584,756,804,1928,153,514,349,536,466,2110,174,64,-934,4304,7,0
1628382,32.5,78,43.3,6.6,2.6,1.1,0.2,19.6,0.4,219,37,72,81,98,443,541,526,1215,189,581,124,159,238,1365,207,57,-278,4048,0,0
202704,33.6,85.7,42.8,12.9,3,4.4,0.1,25.2,0.7,2431,66,387,1067,302,1332,1634,2653,6198,647,1923,1176,1372,1075,7129,553,343,623,13933,31,2
1628991,38.6,75.5,48.5,15.3,4.7,1.3,1.5,27,0.8,140,169,88,192,126,400,526,626,1290,186,482,274,363,439,1712,112,110,-216,3026,5,0
1629713,34.6,47.6,42.3,2.5,0.9,0.5,0.3,6.4,0.2,16,9,6,8,6,24,30,33,78,9,26,10,21,16,85,34,0,-21,218,0,0
2544,34.4,73.5,50.4,27.1,7.4,7.4,0.8,38.4,1.6,9298,951,2011,4402,1502,7851,9353,12424,24654,1860,5409,7379,10044,2313,34087,1258,1257,6887,48327,485,94
1629610,25,0,42.9,1.2,0.2,0.2,0,3.2,0.2,1,0,1,0,1,0,1,3,7,1,4,0,0,3,7,6,0,1,19,0,0
1629660,27.7,78.6,34.9,3.5,1.5,1.5,0.1,11.2,0.5,43,3,14,18,6,35,41,37,106,13,47,11,14,28,98,28,0,-107,314,0,0
1628993,50,57.1,35.5,1.1,1.4,0.1,0.1,4.4,0,3,3,1,3,11,26,37,11,31,1,2,8,14,13,31,27,0,10,118,0,0
1629168,30.8,100,38.9,2.4,0.9,0.1,0,6.3,0.3,2,0,4,5,3,11,14,14,36,4,13,4,4,4,36,15,0,-39,95,0,0
1629661,39.7,76.1,41.8,8.1,2.9,1.1,0.3,20.3,0.6,52,16,30,29,39,101,140,136,325,91,229,35,46,72,398,49,1,-74,996,0,0
201949,31,69.3,47.7,8,3.6,2.1,0.9,20.6,0.8,1355,570,497,928,517,1767,2284,1992,4177,324,1046,747,1078,1421,5055,634,220,-420,13081,16,0
1629640,40,70,51.6,4.6,1.9,0.7,0.1,10.2,0.6,6,1,5,3,5,12,17,16,31,2,5,7,10,9,41,9,0,24,92,0,0
1626169,29.1,76.5,37.2,6.6,3.2,1.4,0.2,20.5,0.9,431,66,270,351,164,822,986,743,1996,239,821,283,370,592,2008,305,64,-381,6254,5,0
204020,35.8,77,43,10.5,3.2,2.4,0.4,25.7,0.9,735,136,267,349,170,786,956,1136,2642,371,1036,503,653,572,3146,301,71,-202,7739,1,0
203999,33.8,82.5,52.4,16.9,9.7,5.4,0.7,29,1.1,2032,264,415,935,971,2638,3609,2433,4639,338,999,1115,1351,1062,6319,373,332,1308,10817,188,40
1627745,22.2,67.6,66.6,4.6,3.1,0.6,0.7,14.1,0.4,65,72,40,54,119,199,318,193,290,2,9,92,136,241,480,104,49,-266,1470,0,0
1626145,34.5,80.3,43.1,5.6,1.5,3.6,0.1,18,1,1108,25,314,232,65,418,483,663,1540,174,505,233,290,315,1733,312,40,36,5606,5,0
1627884,27.6,69,50.5,6.8,3.5,0.7,0.6,19.6,0.7,115,104,118,90,213,357,570,415,821,68,246,207,300,324,1105,163,45,-64,3192,0,0
201599,9.1,47.4,66.9,9.5,10.8,0.9,1.6,27.8,0.6,818,1401,508,1209,2801,6650,9451,3337,4985,1,11,1626,3431,2296,8301,875,713,1471,24326,319,0
202709,33.1,76.6,44.1,6.9,2.6,2.9,0.2,21.8,0.8,1703,132,452,584,298,1228,1526,1599,3623,284,858,588,768,894,4070,592,117,549,12894,3,0
1629662,45,100,43.8,3.5,0.9,0.2,0.2,5.3,0.2,2,2,2,2,1,10,11,14,32,9,20,5,5,9,42,12,0,-1,64,0,0
1626163,34.9,74.9,42.3,9.9,4.1,1.7,0.4,22.2,0.5,523,118,145,274,241,1039,1280,1107,2620,377,1081,519,693,497,3110,314,36,-21,6969,8,0
202683,28.7,77.6,54.2,11.6,7.6,0.9,0.5,21.8,0.4,539,298,257,974,1856,2974,4830,3013,5559,43,150,1293,1666,1381,7362,634,222,-548,13839,181,0
1628379,40.2,86.3,44.1,9.8,2.8,2.2,0.2,23.3,0.5,353,29,82,169,42,415,457,585,1327,260,647,183,212,243,1613,164,44,150,3821,1,0
203077,27.2,71.5,47.4,8.5,5.4,1.2,0.7,24.7,0.7,514,303,296,397,701,1707,2408,1459,3079,28,103,796,1113,951,3742,442,356,-148,10928,35,0
1629663,36.4,0,38.1,2,1,0.5,0,6.2,0.2,5,0,2,2,1,9,10,8,21,4,11,0,3,10,20,10,0,19,62,0,0
1628467,35.4,80.3,46.5,7.1,4.4,0.9,1,21.1,0.4,198,203,82,132,260,658,918,540,1161,224,632,171,213,410,1475,209,74,60,4403,6,0
202688,35.3,80.6,41.1,14.1,3.1,4,0.2,29.5,0.9,1769,75,385,1086,236,1141,1377,2250,5474,711,2012,1058,1313,884,6269,446,349,-1695,13138,16,1
1628995,33.7,69.7,36.7,9.9,3.7,1,0.4,23.7,0.5,143,52,66,159,89,430,519,482,1315,190,563,228,327,281,1382,140,61,-818,3324,3,0
1629723,44.4,50,65.7,3.4,3.1,1.4,0.2,11.1,0.5,21,3,7,6,18,28,46,23,35,4,9,1,2,7,51,15,0,32,167,0,0
1627788,37.2,75.8,41.7,7.3,2.1,1,0.1,17.1,0.5,126,18,67,79,34,232,266,328,787,178,478,91,120,163,925,126,19,100,2157,0,0
1628436,33.9,77.6,40,6.6,2.8,1.1,0.8,16.4,0.4,112,84,44,51,61,222,283,238,595,129,380,66,85,123,671,102,33,-170,1669,2,0
2594,42.9,87.6,44.2,9.7,3,1.7,0.3,25.4,0.6,2107,403,799,1284,344,3281,3625,4088,9244,2437,5685,1290,1472,2512,11903,1224,422,2885,31056,7,0
1629066,33.3,74.2,44.9,6.8,3.4,0.8,0.3,17.6,0.6,85,28,58,112,74,269,343,262,583,83,249,89,120,212,696,102,50,-28,1794,2,0
1628398,32.7,73.3,44.9,16,5.5,1.9,0.4,30.1,0.6,388,81,111,358,196,911,1107,1218,2714,357,1092,431,588,436,3224,201,112,-13,6041,23,0
1627746,35.3,74.8,49.2,7.2,4.5,1,0.7,17.5,0.4,152,99,53,151,223,438,661,429,872,30,85,181,242,314,1069,148,43,-177,2595,7,0
203087,33.9,85.1,44.4,10.5,3.7,1.6,0.4,21.2,0.7,770,173,352,407,252,1536,1788,1874,4218,494,1457,790,928,793,5032,481,128,336,10195,12,0
1629641,21.7,69.6,37.5,2.6,1.2,0.2,0.2,11,0.3,6,6,8,9,14,18,32,24,64,5,23,16,23,29,69,27,1,49,298,0,0
203897,37.5,81.9,44.7,17.7,3.6,3.6,0.3,30.8,1,1275,95,336,897,163,1116,1279,2250,5035,646,1721,1094,1336,781,6240,353,266,-1612,10856,8,0
1629724,0,0,0,0,0.2,0,0,1.8,0,0,0,0,0,0,1,1,0,3,0,1,0,2,0,0,5,0,-2,9,0,0
1627774,30.9,72.4,45.6,5.3,1.9,0.5,0.3,13.7,0.4,90,47,63,86,83,231,314,337,739,100,324,89,123,198,863,164,37,74,2241,1,0
1628388,35.6,61,49.7,3.3,2,0.3,0.2,8.6,0.2,39,26,22,29,93,178,271,193,388,31,87,36,59,98,453,136,2,-34,1173,2,0
1629665,0,100,40,2.5,0,0.5,0,6.5,0,2,0,0,1,0,0,0,4,10,0,4,2,2,2,10,4,0,-22,26,0,0
201584,38.8,85.3,45.1,9.6,2.6,1.7,0.3,27.1,1,1353,213,809,762,364,1763,2127,2961,6567,876,2259,967,1134,1339,7765,811,518,-381,21939,1,0
1627814,34.6,85.3,41.9,9.8,3.9,1.8,0.1,22.9,0.8,175,7,82,92,51,323,374,331,790,127,367,151,177,169,940,96,47,-204,2202,3,0
203458,33,69,49.5,8,6.3,0.9,1,19.7,0.4,392,459,190,572,943,1950,2893,1408,2846,94,285,773,1120,1225,3683,461,180,-1292,9095,69,0
202695,38.1,85.4,49.1,18.6,6.4,2.7,0.7,31,1.8,1377,344,921,819,639,2684,3323,3465,7055,748,1964,1942,2273,891,9620,518,491,3160,16047,79,1
203086,39.2,81.3,48.3,5.6,3.9,0.9,0.3,16,0.2,391,127,82,303,318,1400,1718,952,1969,322,822,257,316,956,2483,442,91,-167,7081,13,0
1627747,34.2,71.1,43,12.4,3.7,3.5,0.2,25.6,1,724,51,217,379,151,607,758,950,2207,264,772,401,564,399,2565,207,86,-381,5294,4,1
203081,37.1,88.9,43.6,24,4.2,6.5,0.3,36.3,1,3932,192,592,1683,377,2162,2539,4808,11024,1732,4663,3238,3643,1213,14586,607,607,1686,22044,85,1
1629642,23.7,63.6,43,3.6,2.3,0.5,0.3,11.9,0.3,22,14,13,15,31,77,108,65,151,14,59,28,44,72,172,48,5,-54,572,1,0
1626172,15,60.1,57,4.4,3.7,1,0.6,13.9,0.5,214,132,107,112,353,479,832,418,733,6,40,137,228,417,979,224,36,284,3120,1,0
201572,33.8,79.2,49.4,16.8,6.4,1.5,1.8,30.6,0.6,1185,1398,452,1398,1635,3332,4967,5012,10148,520,1539,2540,3207,2104,13084,778,740,-191,23798,126,0
201577,29.9,75.1,52.9,8.8,5.1,0.8,1.2,22.4,0.2,683,968,199,908,1908,2283,4191,3040,5744,44,147,1149,1530,1616,7273,826,584,-76,18510,78,0
201567,37,82.8,44.2,18.2,11.1,2.4,0.4,32,0.7,1696,322,486,1411,1972,5972,7944,4280,9673,1223,3302,3210,3875,1499,12993,713,630,533,22802,436,3
200768,36.6,80.9,42.3,14.7,4.3,6.2,0.3,31.6,1.4,5623,263,1226,2101,734,3171,3905,4289,10136,1685,4602,3118,3854,2468,13381,908,672,2572,28683,140,16
1627789,32.7,82.4,39,5.8,1.9,0.9,0.1,15.9,0.4,180,29,78,164,74,335,409,405,1038,178,544,234,284,405,1222,210,33,-341,3336,1,0
1626168,34.1,70.8,43.3,7.4,4.2,1.1,0.4,18,0.4,375,123,140,297,277,1211,1488,980,2263,313,918,329,465,513,2602,351,94,-59,6322,11,0
101133,16,61.2,53.3,5.2,4.4,0.6,0.7,16.7,0.6,357,443,357,601,937,1768,2705,1201,2254,8,50,799,1305,1635,3209,618,133,3,10351,15,0
1627748,32.9,67.3,43.3,4.7,2.8,0.6,0.7,13.9,0.4,157,169,94,139,210,498,708,415,958,130,395,226,336,453,1186,255,65,-333,3548,2,0
1629611,25,75,40.7,1.6,0.9,1.1,0.1,7.7,0.2,38,5,8,14,4,29,33,22,54,3,12,9,12,36,56,35,6,6,270,0,0
1626246,32,77.2,57.7,6.2,4,0.5,0.4,9.7,0.2,119,80,51,160,307,579,886,512,887,8,25,345,447,267,1377,223,19,206,2156,20,0
1628374,35.6,84.8,43,16.1,7.6,1.3,0.6,30.5,0.7,228,96,118,249,213,1078,1291,967,2248,374,1050,436,514,321,2744,170,169,-655,5193,37,0
1628997,54.1,81,44,6.2,2.1,1.3,0.4,17.6,0.7,23,7,12,15,10,28,38,37,84,20,37,17,21,32,111,18,1,5,316,0,0
1628998,23.4,64.6,43,5,3.3,2,0.2,18.8,0.8,95,9,39,44,38,120,158,89,207,18,77,42,65,78,238,48,3,-71,902,0,0
1629725,0,0,20,0.7,0.7,0.7,0.3,5,0.3,2,1,1,0,0,2,2,1,5,0,1,0,0,0,2,3,0,2,15,0,0
1629103,26,96.8,39.2,6.4,3.1,0.7,0.3,15.9,0.2,23,9,7,20,12,84,96,71,181,25,96,30,31,51,197,31,4,-22,494,0,0
1628412,29.4,76.7,38.7,6.5,1.9,2.5,0.2,15.3,0.5,242,14,52,107,39,142,181,220,568,47,160,135,176,110,622,96,2,-185,1472,0,0
1629726,41.3,91.2,42.9,5.4,1.3,0.6,0.1,12.6,0.4,10,1,8,8,6,18,24,24,56,19,46,31,34,32,98,18,0,35,227,0,0
202083,38.1,82.4,42.4,13.2,3.1,2.2,0.2,31.9,1,1695,155,827,999,404,1996,2400,3546,8373,1656,4347,1618,1964,1706,10366,786,725,824,25108,3,0
1627775,30.5,77.9,41.9,3.9,1.6,1.4,0.2,17.2,0.7,266,31,137,123,63,253,316,291,695,92,302,81,104,227,755,194,43,-180,3340,1,0
203468,39.7,82.7,45.5,18.4,3.3,3.1,0.4,30.8,0.8,1464,177,404,824,284,1260,1544,3353,7375,997,2509,1020,1233,1022,8723,473,376,821,14552,9,1
204456,33.5,77.8,49.2,6.4,2.8,4.7,0.2,21.5,1.2,1778,61,444,588,179,885,1064,1071,2178,88,263,189,243,549,2419,377,75,-632,8103,9,1
1629667,37.5,82.4,47.1,5.6,4.1,0.8,0.2,18.3,0.5,13,3,8,11,15,50,65,33,70,9,24,14,17,36,89,16,0,-23,293,0,0
203926,41.3,82.5,46.5,8.2,2.2,0.8,0.1,19.9,0.2,339,40,77,246,143,739,882,1241,2669,494,1195,326,395,567,3302,403,14,38,8038,1,0
201580,15.2,59.2,57.5,7.9,5.1,0.4,1.6,17.3,0.4,274,1075,281,660,1298,2275,3573,2350,4090,5,33,782,1321,1507,5487,694,310,-680,12024,65,1
203585,33.8,64.2,41.1,5.9,3.1,1.3,0.2,21.5,0.5,283,41,113,145,191,464,655,473,1150,189,559,115,179,343,1250,212,115,1,4563,2,0
1628035,30.7,62.2,46.6,4.3,2.9,0.4,0.2,13.1,0.3,46,24,42,59,119,248,367,215,461,59,192,51,82,214,540,126,6,-101,1650,2,0
1629162,38.2,66.7,48.9,7.6,1.6,4.2,0.1,19.7,1.1,125,4,34,31,7,42,49,87,178,29,76,26,39,31,229,30,2,-70,590,2,0
203463,36.3,78,42.1,9,2.4,1.1,0.2,23.6,0.7,461,83,285,507,194,854,1048,1384,3291,593,1633,497,637,959,3858,431,253,-477,10161,2,0
203895,35.5,77.2,41.7,6.9,1.8,1.4,0.2,13.8,0.4,167,30,45,87,34,191,225,302,724,83,234,159,206,147,846,123,9,-112,1696,0,0
1629740,36.1,73.3,44.2,6.8,3,1.3,0.4,17.1,0.6,67,19,30,42,37,120,157,123,278,65,180,44,60,105,355,52,6,-96,889,0,0
1629001,31.1,80.6,40.7,6.6,3.2,3.1,0.4,19.5,1.3,316,41,133,153,62,265,327,248,609,66,212,108,134,205,670,102,39,-46,1994,0,0
1629002,0,76,41.9,2.2,1.4,0.4,0.1,4.8,0.2,19,6,7,20,19,43,62,39,93,0,3,19,25,18,97,45,0,11,217,0,0
203114,39.2,87.4,45.8,16.3,4.6,3.3,0.2,31.5,1.3,1693,96,642,970,302,2061,2363,3024,6609,889,2267,1351,1545,1326,8288,510,435,1177,16083,19,1
203121,38.2,83,41.8,6,1.7,1.4,0.2,20.4,0.4,346,61,110,163,49,374,423,523,1252,327,856,151,182,510,1524,253,28,-18,5162,0,0
1626259,39.3,57.1,41,1.9,0.7,0.2,0.1,6.3,0.1,12,5,6,9,6,28,34,32,78,24,61,8,14,27,96,50,5,51,317,0,0
201988,38.9,85.1,43,8.7,1.7,2.3,0.1,19.4,0.7,1543,53,439,656,208,901,1109,2100,4879,1053,2705,576,677,876,5829,668,56,1661,12927,2,0
200794,34.3,73.7,49.1,14,7.3,2.3,1,29.1,1.3,2238,994,1260,1750,2215,5049,7264,5196,10591,478,1395,2987,4053,3047,13857,989,702,2734,28794,224,1
1629003,41.3,75.9,46.7,7.5,2,1.7,0.3,16.9,0.5,89,14,27,44,20,83,103,142,304,62,150,44,58,98,390,52,16,9,879,0,0
1628378,35.5,82.1,44,22.7,4.1,4,0.3,33.8,1.3,877,70,290,600,155,733,888,1816,4127,531,1497,807,983,575,4970,219,211,818,7401,2,0
1628513,21.7,100,35.1,1.8,0.7,1.2,0.1,7,0.1,22,2,2,10,1,11,12,13,37,5,23,2,2,11,33,18,0,-14,126,0,0
1629690,40,50,42.9,2.9,0.9,0.4,0,10.1,0.4,4,0,4,2,7,3,10,12,28,6,15,2,4,17,32,11,0,50,111,0,0
1628370,32.2,85,39.5,8.6,1.9,1.7,0.2,17.2,0.4,322,44,82,212,51,309,360,592,1499,250,777,204,240,240,1638,191,1,-462,3280,1,0
1629760,0,0,25,0.5,0.8,0.3,0.2,4.5,0.5,1,1,2,0,0,3,3,1,4,0,2,0,0,1,2,4,0,7,18,0,0
202734,39,73.7,45.5,8.1,2,1.8,0.2,21.4,0.7,1010,125,376,509,266,889,1155,1860,4088,542,1390,319,433,911,4581,566,189,-453,12112,1,0
1629630,36.7,77,49.1,17.6,3.5,6.9,0.2,30,0.9,409,15,54,191,44,164,208,393,800,51,139,204,265,90,1041,59,59,-10,1771,11,1
1629752,20,0,52.9,1.2,1.2,0.1,0.1,4.6,0,2,1,0,3,5,14,19,9,17,1,5,0,0,7,19,16,0,19,73,0,0
202693,34.4,77.8,44.8,11.5,5.4,1.7,0.6,25.6,0.9,1054,347,547,1011,799,2585,3384,2797,6237,522,1516,1134,1457,1814,7250,631,347,-346,16145,46,0
1628420,39.8,81.4,48,9.4,2.1,3.6,0.1,22.6,0.9,534,20,129,98,55,253,308,572,1192,148,372,118,145,167,1410,150,14,240,3397,1,0
202694,36.7,75.9,43.1,12.1,4.7,1.5,0.3,27,0.7,905,168,421,721,584,2211,2795,2652,6151,890,2425,1054,1389,1297,7248,600,347,21,16176,24,0
1628405,20,58.7,55.2,4.9,2.4,0.6,0.1,8.1,0.2,26,5,11,30,35,75,110,90,163,2,10,44,75,51,226,46,4,-48,372,1,0
1626144,32.3,74.3,40.1,11.1,3,3.8,0.3,24.1,0.7,1130,88,209,658,137,736,873,1207,3011,273,844,565,760,483,3252,294,164,-847,7076,7,0
1628539,30.8,75,38.8,11,3.3,1.1,0.1,29,0.3,8,1,2,5,3,20,23,26,67,16,52,9,12,20,77,7,3,23,203,0,0
1627749,35.4,73.9,45.6,7.9,4.7,2.9,0.3,19.8,1.2,516,53,205,280,183,653,836,575,1262,52,147,201,272,308,1403,177,106,-43,3511,11,0
1627750,35.8,88.2,43.9,15.6,3.6,3.7,0.3,29.3,0.9,1073,95,261,567,230,815,1045,1672,3811,537,1498,682,773,547,4563,293,218,796,8580,8,0
1629058,21.3,71.7,36.6,3.8,1.7,0.8,0,10.1,0.3,33,1,15,33,20,56,76,59,161,16,75,33,46,26,167,44,0,-31,443,0,0
203488,36.4,83.9,46.1,5.6,3.1,0.9,0.5,15.4,0.4,322,173,123,219,309,787,1096,712,1545,261,717,261,311,511,1946,348,28,-209,5376,4,0
1629004,38.5,76.7,38.9,6.5,1.4,1.5,0,17.4,0.6,143,5,55,82,26,114,140,212,545,144,374,69,90,112,637,98,27,-13,1705,0,0
1627846,34.8,71.5,41.3,4.3,1.8,0.5,0.3,12.6,0.4,81,42,55,96,41,236,277,241,584,94,270,98,137,178,674,157,7,-324,1971,0,0
1626204,32.4,69.5,53.7,8.1,6.6,1.8,0.5,23.5,1.2,559,162,380,305,656,1438,2094,1066,1984,102,315,328,472,728,2562,315,95,-687,7395,51,0
203894,34.6,81.5,39.7,7,1.9,2.5,0.1,17.3,0.8,840,46,283,435,103,542,645,790,1991,340,982,462,567,396,2382,340,53,-30,5876,3,1
203526,38,78.7,44.5,4.7,1.3,1.8,0.1,13.6,0.5,453,20,132,237,45,268,313,443,996,141,371,140,178,300,1167,248,57,471,3380,0,0
1627777,39.5,84,44.4,4,1.5,0.5,0.1,9.5,0.2,78,11,28,57,28,194,222,219,493,121,306,42,50,127,601,149,0,-140,1412,0,0
201149,0,70,49.1,8.8,9.1,2.8,1.3,27.9,0.8,1900,873,533,1127,2136,3906,6042,2244,4566,0,16,1379,1971,1865,5867,667,512,609,18594,196,7
203457,28.6,64.8,54.2,8.1,6.2,1.2,1.4,22.2,1.3,418,492,469,483,689,1522,2211,1183,2184,2,7,501,773,894,2869,355,166,-1138,7864,44,0
1629669,11.5,94.1,35.8,3.8,0.9,1.3,0.1,10.1,0.2,19,1,3,3,3,10,13,19,53,3,26,16,17,11,57,15,0,11,151,0,0
1628373,31.1,78.3,36.6,6,2.2,3.1,0.3,21.3,0.8,543,48,149,258,72,313,385,408,1115,127,409,123,157,427,1066,178,51,-385,3795,2,0
1629134,36.2,83.7,44.8,15.6,2.7,3.4,0.2,29.8,0.8,210,11,51,101,19,149,168,381,850,131,362,77,92,142,970,62,62,107,1846,0,0
203994,7.1,66.6,49.1,11.6,8,1.9,1.3,22.9,0.8,589,400,261,635,776,1704,2480,1443,2936,3,42,719,1079,956,3608,310,229,527,7103,84,1
1628021,34.4,66.1,49.2,6.9,3.7,1.1,0.4,20.5,0.7,180,65,119,125,155,442,597,412,837,55,160,234,354,332,1113,161,37,-269,3295,3,0
1626220,38,77.2,44.7,5.4,4,1.8,0.3,21.8,0.6,382,68,137,175,69,791,860,424,948,192,505,129,167,457,1169,215,75,577,4683,4,0
203124,22.5,73.9,51.7,5.4,4.6,1.3,1,14.2,0.4,627,451,187,456,626,1522,2148,1078,2086,31,138,366,495,958,2553,469,64,-505,6658,24,0
1628400,33.3,68.5,39,3,2,0.4,0.1,13.9,0.3,74,13,49,56,85,286,371,197,505,104,312,74,108,197,572,190,8,-121,2635,0,0
1626143,23.5,67.4,53.6,11,5,1,0.9,20.3,0.3,211,187,67,324,352,743,1095,1016,1896,4,17,356,528,472,2392,218,114,-1211,4436,21,0
1629059,31.5,72.8,39.5,4.9,1.7,2.2,0.1,15.6,0.5,240,11,56,107,28,158,186,186,471,64,203,83,114,162,519,107,19,-275,1664,0,0
1629006,27.4,76.5,40.4,8.1,3.6,1.4,0.4,24.3,1.2,190,59,156,150,128,358,486,366,906,101,369,270,353,305,1103,136,80,-212,3304,1,0
1629644,0,50,60,1.4,1,0.2,0.2,5,0.4,1,1,2,1,1,4,5,3,5,0,1,1,2,2,7,5,0,-15,25,0,0
203506,35,79.3,44.1,17.4,4.6,3.9,0.5,33,1.7,1628,202,691,1061,256,1644,1900,2654,6015,639,1827,1260,1589,994,7207,415,355,54,13697,24,2
203482,37.5,77.3,47.8,9.6,4.8,1.9,0.4,21.2,0.7,915,218,348,698,575,1800,2375,1726,3611,553,1475,734,950,1359,4739,492,100,876,10436,23,0
1629671,0,0,0,0,0.4,0,0,2,0,0,0,0,1,0,2,2,0,2,0,1,0,0,0,0,5,0,-17,10,0,0
1626224,36.4,71.7,43.7,9.6,3.5,1.9,0.2,24.9,0.7,390,30,136,237,103,605,708,716,1639,285,782,230,321,433,1947,202,152,-957,5026,5,0
1626162,32.9,77.8,43.1,10.9,4.1,0.9,0.4,24.1,0.9,327,158,315,360,283,1160,1443,1342,3111,421,1281,678,871,902,3783,348,99,-504,8375,13,0
1629745,0,100,20,1.3,1,0,0,5,0.3,0,0,1,0,2,1,3,1,5,0,2,2,2,1,4,3,0,-16,15,0,0
203953,32.4,73.9,49.2,15,5.8,2.1,0.4,29.3,0.9,585,111,263,512,427,1187,1614,1699,3456,201,621,609,824,596,4208,280,190,-789,8193,23,0
1629672,28.7,77.4,49.7,14,4.6,2.1,0.2,27.6,0.5,127,13,32,94,82,193,275,318,640,37,129,164,212,125,837,60,26,-370,1653,4,0
1628394,0,59.3,52.8,6,4.1,0.7,0.5,16.8,0.3,17,12,8,22,39,60,99,56,106,0,2,32,54,65,144,24,0,-1,404,0,0
202335,36.9,75.2,44.8,6.7,4,1,0.4,21.1,0.5,697,288,353,436,798,1896,2694,1780,3975,578,1567,389,517,1058,4527,673,99,1081,14169,14,0
1628383,16.7,50,36.8,1.8,1.2,0.6,0,5.3,0.3,5,0,3,2,3,8,11,7,19,1,6,1,2,10,16,9,0,-16,48,0,0
101108,37,87,47,18.5,4.5,9.5,0.1,34.9,2.2,9607,131,2220,2441,662,3910,4572,6556,13937,1369,3705,4230,4863,2481,18711,1013,1013,5115,35352,446,15
1626166,33.1,77.5,39.7,6,1.8,2.5,0.2,16,0.7,382,28,104,154,43,231,274,361,909,123,372,69,89,240,914,153,28,-410,2453,1,0
203901,28.9,62.5,45.2,11,4.4,6.6,0.4,29.3,1.3,2565,136,516,934,438,1265,1703,1750,3869,158,546,589,943,846,4247,387,331,-1036,11349,68,17
1627780,25.6,45.5,41.4,3.5,2.3,1.4,0.2,12.6,0.8,86,15,46,38,40,98,138,91,220,21,82,10,22,95,213,61,23,-174,767,2,0
203658,0,50,51.4,2.1,3,0.4,1.2,8.9,0,7,25,1,13,16,44,60,18,35,0,0,6,12,39,42,20,0,-61,178,0,0
1629033,21.4,89.5,30.7,3.9,1.8,1.5,0.1,11.3,0.4,77,4,23,51,14,76,90,70,228,27,126,34,38,50,201,51,0,-41,576,0,0
203486,6.5,56.3,57.4,8.3,6.2,2.2,0.9,21.6,0.8,1154,485,395,771,1031,2228,3259,1716,2989,2,31,935,1662,1418,4369,524,257,-223,11319,64,0
1627751,50,54.3,63.8,5.4,4.7,1,1,16.2,0.4,264,272,115,207,525,753,1278,642,1007,1,2,176,324,545,1461,271,38,390,4387,7,0
1629738,50,85.7,48.5,1.9,1.6,0.3,0.3,5.4,0.1,7,6,2,6,10,24,34,16,33,1,2,6,7,23,39,21,0,-12,113,0,0
1629673,27.9,79.8,33.3,8.8,2.1,2.4,0.2,22.3,0.6,134,10,35,74,9,109,118,167,502,74,265,95,119,94,503,57,14,-196,1273,0,0
1629007,0,0,0,0,0,0,0,0,0,,,,,,,,,,,,,,,,,,,,,
1629645,33.5,72.3,44.2,10,3.2,2.2,0.3,23.2,0.9,109,14,46,93,22,140,162,186,421,53,158,73,101,135,498,50,3,-290,1161,0,0
1629008,42.2,76.7,49.5,7.5,4.1,0.7,0.4,13.9,0.4,35,19,20,35,53,146,199,141,285,43,102,33,43,75,358,48,1,11,669,5,0
203490,40.4,78.9,48.2,11,4.9,1.5,0.4,26.8,1.2,618,183,486,331,476,1561,2037,1768,3670,551,1364,463,587,769,4550,413,295,481,11078,36,0
1626171,36,75.4,45.6,10.2,5.9,1.2,0.3,20.4,0.5,380,94,158,341,546,1326,1872,1295,2839,270,749,355,471,579,3215,315,54,-639,6436,42,0
204001,35.7,79.8,43.3,18.1,7.6,1.4,2,31.1,0.7,337,484,172,416,394,1406,1800,1545,3568,409,1146,794,995,747,4293,237,236,224,7361,61,0
203939,29.3,73.9,56.3,7.7,4.6,1,0.5,18.7,0.7,364,173,251,247,545,1166,1711,1062,1885,103,351,640,866,782,2867,371,88,-33,6956,17,0
1626181,35.9,81.6,45.7,8.5,2.3,1.3,0.2,18.6,0.7,387,70,212,297,95,604,699,926,2025,307,854,372,456,486,2531,299,86,328,5550,0,0
1627752,36.6,81.8,41.2,11.6,4.3,1.9,0.4,26.4,0.9,503,113,238,479,147,979,1126,1069,2593,478,1305,392,479,564,3008,260,200,-570,6855,13,0
203944,29.5,72.4,49.3,16.1,9,2.8,0.5,29.2,0.7,1045,178,248,937,816,2559,3375,2274,4610,168,570,1316,1818,1189,6032,375,295,-1491,10934,141,6
1629729,0,0,0,0,0,0,0,0.5,0,0,0,0,0,0,0,0,0,1,0,0,0,0,0,0,2,0,-5,1,0,0
1629629,33.2,80.2,38.4,10.5,3.7,1.5,0.5,26.7,1.1,87,28,62,96,35,181,216,213,554,83,250,101,126,132,610,58,34,-242,1550,0,0
200755,41.6,89.1,44.8,13,2.1,2,0.1,25.9,0.5,1800,84,408,994,167,1661,1828,3868,8636,1860,4474,1993,2236,1357,11589,890,487,2763,23085,1,0
1629675,33,69.8,41.2,9,4.1,1.2,0.7,16.5,0.6,35,22,19,22,34,90,124,100,243,32,97,37,53,83,269,30,11,6,495,2,0
1629244,41.2,88.9,42.3,5,1.6,0.7,0.1,13.6,0.3,13,2,6,5,4,27,31,33,78,21,51,8,9,26,95,19,0,-26,259,0,0
1626196,36.2,81.4,42.6,12.4,3.2,2.9,0.7,30.7,1.1,890,207,341,444,216,769,985,1393,3270,489,1352,522,641,758,3797,307,236,269,9424,1,0
203085,34.8,64,41.8,9.1,2.1,2.3,0.2,24.5,0.7,1250,100,378,604,188,942,1130,1844,4416,599,1719,677,1058,1197,4964,544,149,-303,13323,1,0
203460,25.7,46.7,48.2,4.6,4,0.9,0.7,22.5,0.9,257,195,264,181,348,840,1188,563,1168,108,421,122,261,641,1356,295,269,720,6651,3,0
1629130,43.8,88.1,46.1,11.4,2.9,1.2,0.2,26.4,0.5,96,15,40,64,11,220,231,304,659,253,578,52,59,190,913,80,61,282,2110,1,0
1629010,30.4,68.4,36.5,3.6,1.7,1,0.2,12.1,0.4,84,17,33,47,12,135,147,119,326,49,161,26,38,129,313,88,4,4,1068,0,0
1629011,0,58.3,72,8.5,6.7,0.6,2.2,21.8,0.8,73,280,104,72,363,488,851,455,632,0,0,165,283,411,1075,127,26,-310,2771,19,0
203922,37.2,76.9,45.9,6,2.6,0.8,0.2,17.5,0.5,218,55,144,142,190,531,721,640,1395,174,468,210,273,255,1664,279,103,-390,4887,4,0
1629676,0,0,0,0,0.7,0,0,3.7,0,0,0,0,1,0,2,2,0,1,0,0,0,0,1,0,3,0,-4,11,0,0
200765,31.6,60.6,45.8,10.2,4.7,8.3,0.1,31,1.7,7215,115,1451,2439,877,3254,4131,3723,8125,382,1207,1081,1783,1888,8909,873,729,1415,27103,236,32
201565,30.4,82.7,45.6,18.8,3.4,5.6,0.3,32.6,0.8,3334,204,450,1576,497,1534,2031,4375,9589,469,1541,1966,2378,777,11185,596,504,293,19400,58,1
203082,37.1,82.5,42.1,11,2.8,1.1,0.3,24.6,0.8,609,186,469,500,199,1370,1569,2241,5328,1053,2837,558,676,963,6093,555,176,345,13666,1,0
1626179,37.1,81.3,39.4,9.6,3.7,2.7,0.2,22.7,0.8,890,62,260,355,209,1040,1249,1152,2924,507,1368,413,508,442,3224,335,93,-377,7598,5,1
201937,32.6,84,39.1,11.3,4.2,7.8,0.1,30.9,1.9,4324,75,1047,1518,372,1985,2357,2030,5196,479,1471,1730,2060,1449,6269,555,534,945,17171,125,7
1626156,35.6,77.2,42,17.5,3.7,5.3,0.2,29,1.2,1666,79,364,919,178,998,1176,2040,4858,747,2098,705,913,592,5532,317,269,-1321,9203,25,1
1627734,32.1,72.2,52.2,12.1,8,2.6,0.4,25.6,0.6,755,124,174,550,586,1735,2321,1403,2690,90,280,634,878,854,3530,291,152,414,7438,97,4
1629677,0,0,0,0,2,3,0,12,0,3,0,0,0,0,2,2,0,4,0,2,0,0,0,0,1,0,6,12,0,0
203960,25.1,66.3,46.3,5.3,2.6,0.7,0.5,15.6,0.4,145,93,82,165,122,400,522,407,879,57,227,181,273,376,1052,199,88,-556,3102,0,0
203967,35.6,83.5,43.7,12.2,6.2,2.1,0.2,26.5,0.6,620,74,187,500,481,1354,1835,1305,2983,454,1277,561,672,636,3625,298,200,-156,7902,35,0
203107,36.9,81.7,46.9,7.4,3.1,4.1,0.2,23.3,0.9,1131,41,240,371,255,594,849,756,1612,184,499,335,410,498,2031,275,151,-32,6403,11,1
1629678,29.8,69.2,40,3.1,1.3,0.5,0.1,10.8,0.3,14,3,8,7,6,28,34,30,75,14,47,9,13,41,83,27,2,-36,292,0,0
203471,33.6,82.8,43.6,14.1,2.8,4.6,0.1,25.5,0.8,2254,61,390,1166,202,1199,1401,2632,6043,561,1669,1143,1381,942,6968,494,176,75,12606,25,0
203118,36.3,76,45.8,7,3.2,0.9,0.1,16.5,0.3,451,60,156,336,360,1224,1584,1339,2926,434,1197,361,475,739,3473,499,21,-74,8242,3,0
200757,34.9,73.2,44.9,5.7,3.7,1.4,0.4,21.9,1.1,1196,366,935,755,626,2626,3252,1916,4264,513,1468,649,887,1418,4994,869,475,1096,19060,15,0
1629012,39.2,84.3,45,18.5,3,3,0.1,32.3,0.7,435,13,109,343,118,322,440,1032,2292,216,551,440,522,328,2720,147,137,-1070,4747,2,0
1629013,41,84.6,42.5,9.3,1.8,1.6,0.2,24.6,0.4,204,19,56,81,27,197,224,386,908,272,664,132,156,285,1176,126,54,193,3096,0,0
1629621,33.3,0,20,1.5,1.5,0.5,0,5,0,1,0,0,1,0,3,3,1,5,1,3,0,0,0,3,2,0,-10,10,0,0
1627783,33.3,76.6,50.4,12.7,5.6,2.3,0.7,25.9,0.8,615,188,214,386,324,1173,1497,1334,2648,224,673,533,696,667,3425,269,175,1204,6968,30,0
1629735,0,69.4,62.3,2.9,2.7,0.5,0.4,7.5,0.2,21,18,9,31,54,55,109,43,69,0,2,34,49,80,120,41,0,-30,306,0,0
1627732,8.7,59.4,56.1,16.4,8.3,8,0.8,34.4,1.7,1713,163,367,744,425,1354,1779,1445,2575,2,23,626,1053,593,3518,214,214,585,7362,110,28
1628424,28.2,100,42.3,5.9,1.5,2.1,0.2,19.5,0.6,68,5,18,44,14,36,50,80,189,11,39,25,25,61,196,33,12,-210,644,0,0
1629014,33.9,78.7,40.6,7.6,1.9,1.3,0.1,18.1,0.3,108,10,27,72,28,132,160,239,588,84,248,85,108,140,647,85,5,-316,1540,1,0
1629346,23.1,84.2,50,4.2,1.9,0.9,0.3,9.9,0.2,13,4,3,11,10,17,27,20,40,3,13,16,19,14,59,14,0,-8,138,0,0
203935,31.8,77.4,37.4,9.9,3.6,4,0.4,29,1.6,1594,148,615,670,355,1053,1408,1296,3469,575,1808,721,932,1027,3888,394,182,889,11408,8,1
202397,31.8,67.9,43,7.7,2.4,3.9,0.2,20.1,0.7,2334,144,432,760,214,1256,1470,1974,4590,251,790,448,660,787,4647,602,161,-546,12087,18,0
2747,37.3,73.2,41.9,12.5,3.2,2.1,0.2,27,1,2074,204,973,1311,494,2574,3068,4373,10443,1929,5167,1456,1988,2186,12131,971,395,1458,26195,15,0
1629015,31.6,66.7,37.8,3.7,1.2,0.9,0.2,10.9,0.4,12,2,5,8,3,12,15,17,45,6,19,8,12,12,48,13,2,5,142,0,0
1628372,31.4,64.7,40,12.5,3.2,4.5,0.3,26.3,1.1,708,46,166,406,103,390,493,754,1885,189,601,260,402,346,1957,156,122,-670,4095,8,2
203503,38.5,83.8,42.8,6.5,2.3,1.2,0.2,22.5,0.5,582,118,237,289,138,1018,1156,1178,2755,621,1611,259,309,701,3236,501,275,-145,11277,3,0
1629034,0,33.3,53.2,3.9,3.4,0.4,0.6,10.5,0.6,5,8,9,9,15,33,48,25,47,0,3,4,12,23,54,14,3,-20,147,1,0
1629016,36.6,76.6,41.7,6.8,4.3,1,0.5,17.8,0.6,94,49,59,85,149,264,413,225,539,87,238,105,137,130,642,95,14,-345,1690,5,0
1629622,0,100,66.7,2.5,0.5,0,0,3,0,0,0,0,0,1,0,1,2,3,0,1,1,1,1,5,2,0,15,6,0,0
1628410,26.2,64.1,39.8,3.7,1.3,1,0.3,11.4,0.6,49,13,27,29,19,43,62,70,176,17,65,25,39,62,182,49,4,-69,557,0,0
1628403,11.8,61.4,43.8,2.3,2.9,0.7,0.2,8.7,0.2,56,11,14,73,59,159,218,70,160,2,17,27,44,127,169,75,4,-116,655,1,0
1628369,39.9,82.7,45.6,17.2,5.9,2.2,0.8,31.8,1.2,470,168,250,368,177,1120,1297,1362,2984,388,973,633,765,459,3745,218,218,1144,6940,22,0
201952,35.6,84.4,44.5,12.6,2.5,5.8,0.3,27.5,1.2,4453,265,902,1739,259,1642,1901,3425,7700,672,1885,2168,2568,1486,9690,771,593,787,21213,89,0
202066,34.7,73.3,40.3,6.3,2.3,1.7,0.3,21,0.8,975,178,481,535,227,1062,1289,1277,3168,550,1586,478,652,1078,3582,569,242,-802,11976,1,0
1628464,34,75.3,55.4,6.7,4.7,1.2,0.9,17.2,0.5,219,165,86,137,307,572,879,488,881,70,206,198,263,519,1244,187,62,332,3225,8,0
1629017,30.6,60,31.4,2.3,0.6,0.3,0.2,7.5,0.3,11,5,10,7,5,16,21,27,86,15,49,9,15,31,78,34,0,-71,256,0,0
1629744,46.7,70,48.6,4.5,1.5,0.5,0,9.7,0.2,17,0,8,12,7,41,48,54,111,35,75,7,10,31,150,33,0,22,321,0,0
202691,41.9,84.8,45.9,19.5,3.5,2.3,0.5,33.1,0.9,1416,332,561,1053,273,1857,2130,4512,9822,1798,4290,1173,1384,1313,11995,615,578,3676,20338,4,0
202684,28.1,61,51.8,9.4,8.7,1,0.7,28.1,0.5,624,447,317,718,2115,3278,5393,2344,4524,9,32,1142,1871,1438,5839,619,429,-883,17372,179,0
1628414,34.2,68.9,41.5,2.5,1.3,0.6,0.2,10.7,0.4,86,32,62,73,38,146,184,117,282,26,76,84,122,166,344,137,17,-134,1469,0,0
1629680,35.2,61,41,4.7,1.5,1.2,0.7,19.5,1.4,70,40,80,45,35,51,86,96,234,50,142,25,41,120,267,57,13,21,1109,0,0
201229,37.3,77.1,41.5,6.2,3.4,0.9,0.3,19.6,0.4,639,213,265,455,538,1847,2385,1451,3494,851,2282,646,838,1154,4399,711,101,-224,13959,20,0
1629308,34.8,60,46,5.3,4,2,0.4,20.9,1,26,5,13,16,9,43,52,29,63,8,23,3,5,30,69,13,6,-79,272,0,0
1626157,39.6,83.1,53.4,22.7,11.8,2.8,1.5,34.4,0.8,992,523,278,904,1121,3088,4209,3063,5741,507,1280,1480,1781,1180,8113,358,358,257,12306,260,1
1629018,37.4,76.7,41.3,6.6,1.5,0.8,0.2,17.2,0.6,55,15,40,23,21,78,99,165,400,83,222,33,43,73,446,68,9,-121,1170,0,0
200782,36.2,74.9,42.3,7.4,5.8,1.4,0.3,29.3,1.2,925,200,783,652,1016,2748,3764,1726,4079,677,1869,631,842,1604,4760,646,470,352,18928,40,0
1629730,0,60,42.1,1.4,0.9,0.1,0,5.5,0.1,2,0,1,3,2,11,13,8,19,0,6,3,5,7,19,14,0,-7,77,0,0
202323,29.4,78.2,43.4,9.7,4.6,3.5,0.3,26.9,0.8,2462,184,532,1267,388,2890,3278,2748,6331,270,917,1058,1353,1380,6824,705,295,-843,18938,46,5
1626167,35.4,76.8,48.8,12.7,6.7,1.2,2.1,28.3,0.7,410,695,239,436,471,1758,2229,1627,3335,252,711,749,975,939,4255,335,302,327,9491,55,0
202685,36.1,78.1,56.2,12.4,8.8,0.9,1,25.3,0.4,500,578,209,842,1451,3409,4860,2706,4814,74,205,1339,1715,1530,6825,551,523,506,13930,181,0
1627756,36.6,75.3,40.1,7.8,3.6,2.1,0.1,20.9,0.7,350,24,121,174,68,550,618,500,1246,262,715,58,77,322,1320,170,42,-332,3559,6,0
1629020,0,66.7,51.9,1.3,1.1,0.2,0.1,4.1,0.3,5,2,9,15,10,22,32,14,27,0,2,8,12,14,36,28,0,-18,115,0,0
1627832,39.2,83.9,41.1,10.3,2.5,4,0.2,23.5,1,902,55,232,281,68,505,573,804,1957,362,924,339,404,394,2309,225,76,905,5293,7,0
1629216,25,0,21.1,2,0.5,0.5,0,6.8,0.2,3,0,1,0,0,3,3,4,19,4,16,0,0,2,12,6,0,-6,41,0,0
203943,31,69.2,46,5,5.2,0.8,0.4,17,0.4,255,136,137,265,470,1270,1740,638,1387,92,297,287,415,606,1655,332,171,-591,5658,26,0
202696,33.1,74.5,49.9,16,10.2,2.6,0.9,30.3,0.9,1512,556,507,1019,1589,4444,6033,4120,8263,260,785,963,1292,1493,9463,590,529,-834,17867,321,2
1629731,50,0,69.2,1.7,1.6,0.2,0.3,5.9,0.2,2,4,2,3,3,16,19,9,13,2,4,0,1,8,20,12,0,-9,71,0,0
1629021,31.3,81.5,50.6,7,3.5,0.9,0.4,14.4,0.4,73,30,33,94,68,209,277,202,399,45,144,110,135,191,559,80,10,-133,1153,2,0
203079,34.8,69.2,41.2,13.2,2.7,2.8,0.3,28.3,0.9,1146,109,387,748,164,931,1095,2075,5037,568,1630,704,1018,797,5422,412,211,36,11669,4,0
202689,36,83.8,41.8,20,3.8,5.4,0.4,33.9,1.3,3555,258,846,1424,382,2139,2521,4514,10794,1448,4027,2593,3096,988,13069,655,610,-124,22197,46,2
1629022,40.5,73,42.2,4.9,1.9,0.8,0.2,12.6,0.5,55,16,35,35,20,112,132,132,313,34,84,46,63,77,344,70,4,-74,884,0,0
202322,32.4,78.1,43.3,19,4.3,9.2,0.7,35.9,1.7,5282,396,976,2191,330,2153,2483,3942,9107,539,1663,2456,3144,1289,10879,573,561,140,20543,253,7
202954,38,91.7,44,5.6,1.7,2.2,0.1,15.7,0.6,214,14,64,89,22,143,165,186,423,49,129,132,144,154,553,99,1,135,1557,0,0
203933,35,77.7,50.4,15.2,4.1,1.2,0.5,28.6,1,380,161,317,330,440,880,1320,2023,4012,225,643,623,802,758,4894,322,226,-1083,9218,12,0
1629023,37.4,64.7,45.5,12.2,5.4,2.1,0.8,30.3,0.9,123,44,51,93,58,258,316,268,589,86,230,88,136,158,710,58,57,-221,1759,4,0
1629139,20.8,55.6,33.8,2.2,1.5,0.4,0.1,8.8,0.3,12,2,9,8,10,38,48,27,80,5,24,10,18,20,69,31,0,24,272,0,0
1629682,17.6,100,34.3,3.3,0.9,1.2,0.2,8.9,0.5,12,2,5,10,0,9,9,12,35,3,17,6,6,11,33,10,0,27,89,0,0
1628778,0,50,0,0.2,0.8,1,0.2,5,0.2,5,1,1,0,0,4,4,0,8,0,4,1,2,1,1,5,0,11,25,0,0
1629683,0,0,0,0,0.3,0.3,0,5,0,1,0,0,0,0,1,1,0,3,0,1,0,0,0,0,3,0,4,15,0,0
201566,30.4,80,43.7,23.2,7.1,8.3,0.3,34.6,1.8,7267,267,1530,3562,1465,4721,6186,7194,16452,973,3196,4954,6192,2248,20315,874,857,3276,30232,390,146
1629632,35.4,79.1,39.4,13.2,3.5,2.7,0.1,25.8,0.8,175,6,49,109,28,202,230,312,792,133,376,102,129,117,859,65,1,-163,1674,0,0
1628401,35.9,81.4,47,9.3,3.2,3.3,0.7,23,0.8,478,105,110,178,70,396,466,489,1040,113,315,259,318,286,1350,145,68,181,3334,0,0
202355,32,60.6,58.2,13.8,11.8,0.7,2.4,26.8,0.6,276,985,238,660,1367,3411,4778,2328,4003,8,25,912,1505,1072,5576,404,320,160,10840,236,4
203952,33.2,73.2,44.1,19.7,4.4,2.3,0.6,35.8,1,1065,278,452,954,572,1405,1977,3304,7488,540,1625,1795,2451,981,8943,454,454,-705,16242,12,1
1629684,24.7,72.5,41.7,3.5,2.7,1,0.5,15.6,0.4,62,33,28,46,58,107,165,80,192,21,85,37,51,149,218,62,5,147,969,0,0
1629140,0,56.6,60,5.5,4.1,0.5,0.4,14.5,0.3,19,13,9,20,63,79,142,81,135,0,4,30,53,73,192,35,5,8,506,3,0
1629026,30.6,51.2,37,5.1,4.9,1.7,0.5,22.9,0.9,136,40,70,57,104,293,397,156,422,77,252,22,43,176,411,81,47,-135,1858,1,0
101150,35,84,42,14.5,2.3,3.5,0.2,24.9,0.9,3438,181,874,1735,391,1853,2244,4633,11026,1347,3851,3811,4535,1326,14424,996,118,487,24773,19,1
101107,36.2,80.8,44.3,10.3,5.2,1.3,0.5,28.2,0.8,1369,573,823,1016,1266,4245,5511,3919,8854,1042,2882,2061,2551,2146,10941,1066,828,-417,30040,64,0
1628430,0,100,14.3,0.4,0.6,0.6,0.1,3,0.1,5,1,1,2,2,3,5,1,7,0,2,2,2,2,4,9,0,7,27,0,0
1629057,0,57.5,69,3.3,3.4,0.5,1.2,11,0.5,29,68,29,30,61,128,189,78,113,0,0,23,40,76,179,55,3,-56,605,0,0
1629627,46.2,64.5,58.9,23.6,6.8,2.2,0.5,29.7,0.8,41,9,16,51,55,74,129,172,292,6,13,98,152,32,448,19,19,120,564,2,0
1628391,33.2,56.9,41.6,4,3,0.8,0.3,12.2,0.2,77,26,23,51,57,243,300,153,368,62,187,33,58,118,401,101,3,0,1233,2,0
1629685,0,0,0,0,0,0,0,0,0,,,,,,,,,,,,,,,,,,,,,
1626159,33.7,64.6,41.7,9,5.4,2.7,0.4,28.4,0.9,658,89,227,371,247,1048,1295,856,2053,190,563,279,432,591,2181,241,105,302,6849,10,0
1626174,36.8,73.4,54.6,9.5,4.8,0.6,0.7,16.2,0.4,73,77,49,110,148,392,540,383,701,67,182,245,334,137,1078,113,14,-16,1826,14,0
1629624,0,0,0,0,0,0,0,0,0,,,,,,,,,,,,,,,,,,,,,
1626153,34.5,79.4,45.1,7.4,3.1,2.9,0.4,19.8,1,756,98,271,264,203,605,808,707,1567,166,481,355,447,305,1935,263,23,385,5218,6,3
1629625,0,0,0,0,0,0,0,1,0,0,0,0,0,0,0,0,0,0,0,0,0,0,0,0,1,0,2,1,0,0
201152,33.3,67,49.8,13.2,5.9,1.7,0.4,30.3,1.5,1608,390,1407,1395,1931,3783,5714,5459,10962,486,1459,1299,1940,2116,12703,965,687,-303,29280,102,0
1629027,34.4,84.7,42.8,23.6,3.9,8.6,0.2,32.8,1,1213,23,137,597,96,460,556,1071,2505,361,1050,824,973,244,3327,141,141,-562,4623,58,3
203469,24.8,73.1,51.3,8.6,6,1.4,0.7,22.9,0.7,583,298,285,452,825,1671,2496,1354,2637,28,113,875,1197,1104,3611,419,252,151,9613,29,0
203092,28.6,76.4,50.9,7,4.4,0.9,0.6,17.6,0.2,367,241,104,348,634,1182,1816,1160,2280,10,35,541,708,897,2871,412,166,-415,7249,15,0
1627790,0,71.1,58.1,6,3.9,0.6,0.4,13.4,0.2,64,40,22,82,150,296,446,273,470,0,0,128,180,170,674,113,27,-105,1516,5,0
1627826,0,76,55.9,7.3,5.4,0.9,0.8,15.8,0.2,187,159,49,179,367,738,1105,601,1075,0,6,279,367,396,1481,204,110,127,3213,20,0
